"O00220","O00253","O14763","O14836","O43915","O94907","P00797","P01127","P01241","P01730","Q8IYS5","P02760","P04179","P06858","P07204","P07585","P09237","P09601","P09874","P12104","P12931","P13726","P18510","P21980","Q08334","P25116","P26022","P27352","P29965","P31994","P35218","P35475","P39900","P40225","P41159","P13500","P51161","P51888","P78380","Q02763","Q04760","Q12866","Q14005","Q14242","Q15109","Q76LX8","Q8TAD2","Q92583","Q96IQ7","Q99075","Q99523","Q99895","Q9BQ51","Q9BQR3","Q9BUD6","Q9BWV1","Q9BYF1","Q9HB29","Q9NQ25","Q9UEW3","Q9UIB8","Q9UJM8","Q9UK05","Q9UKP3","Q9Y6Q6","O00300","O14625","O14788","O15169","O15444","O43508","O43557","O95750","O95760","P01137","P01138","P01374","P01375","P01732","P02778","P03956","P06127","P09238","P09603","P14210","P14784","P15018","P15692","P25942","P28325","P29460","P39905","P42702","P42830","P49771","P50225","P50591","P55773","P78423","P78556","P80075","P80098","P80162","P80511","Q07325","Q13007","Q13261","Q13291","Q13541","Q13651","Q14790","Q16552","Q5T4W7","Q8IXJ6","Q8N6P7","Q8NFT8","Q969D9","Q99616","Q99731","Q99748","Q9BZW8","Q9NRJ3","Q9NZQ7","Q9P0M4","Q9UHF4","O00273","O14867","O43597","O60449","O60880","O94992","O95786","P05412","P08727","P09038","P10747","P14317","P16455","P18564","P18627","P19474","P23229","P28845","P30044","P30048","P34130","P35240","P42701","P48061","P48740","P50135","P52823","P78310","P78362","P78410","Q00978","Q01151","Q03431","Q04637","Q04759","Q05084","Q05516","Q07065","Q12933","Q12968","Q13241","Q13490","Q13574","Q14203","Q14435","Q15517","Q15661","Q6DN72","Q9UMR7","Q6UXB4","Q6ZUJ8","Q7Z6M3","Q8IU57","Q8N608","Q8WXI8","Q92844","Q96DB9","Q96P31","Q96PD2","Q96SB3","Q9C035","Q9GZT9","Q9HCM2","Q9NWZ3","Q9UHC6","Q9UKX5","Q9UN19","Q9UNE0","Q9UQQ2","Q9UQV4","Q9Y2J8","Q9Y3P8","P10145","P10147","Q9NSA1","Q9GZV9","P22301","Q14116","P05113","P05231","P21583","P49763"
5.56579945089227,6.40192181965054,8.17699935085698,13.4499968171412,8.90475746548633,8.19675770848763,8.48279450041467,7.70124492472441,9.53450372262392,7.06212243391191,9.60403097180365,8.97724186017123,10.4439671418429,10.6250817940374,11.6830033918897,6.65753186582622,10.6421859093703,14.1317351132903,3.39882400294203,9.42298483206039,6.26487277567776,7.70314789007583,6.9736584521456,9.29135986883577,6.26207137642818,10.1164599176061,5.72173424024625,6.9293739380769,5.19719040637035,5.56474668680352,4.64218480890162,7.26032440753053,10.8952552445463,3.64697847111821,6.43672878465769,8.89658273453032,3.42290433313458,8.31254281649748,7.47307451946255,9.03267404003087,6.34952739188059,7.85013808213916,8.2148068796332,6.14019321605145,7.34996143459986,6.4457130272239,2.88723304029762,7.10268572642104,5.18280139840794,4.36720832591605,9.290146868952,9.77651211687984,3.91749472114956,9.41357785466229,11.4322649387689,5.32912544749844,5.29278964331352,5.35751388595454,3.30349367220133,8.35504525610331,6.90491886052059,7.2112800916922,8.16197680815442,3.12094620524455,8.08905357075187,11.6218834371602,7.55271729065646,4.8158982643468,4.27815001062008,7.23495384420811,10.320859341365,6.67564865686243,8.87772351484851,1.53460806497689,8.20895377272857,2.35023020859677,7.4449509870244,4.44782158843988,13.2752463181622,11.3110168087425,12.4848413249581,8.18802303678656,9.04793085725835,11.2840932860682,11.6238395576194,1.37383264484629,1.56123085726487,11.6718985142923,12.7324131739372,8.15121414336322,7.13882483988842,2.60607509073182,4.61329604377922,7.59047136460091,9.56664477725566,1.48393915876593,8.73180058482256,11.9438820849841,6.63989789675251,4.54991618963163,9.18376216587795,2.92840844490729,9.10590332829533,5.10987110242257,9.80049621680561,0.993012575410382,2.65354623313244,3.32184167839092,9.28667237095567,-0.138699159605538,3.41872197028615,2.57076388709417,0.924928034562987,4.29468746962273,0.795197681461257,9.37296126634664,0.823092287162166,14.9385371744332,11.7248928400328,1.47227826398406,7.15834113233656,2.85250776705446,6.64791270574795,2.75316598961313,0.958928323364951,4.52095415783525,0.873038454965946,0.816339542964931,4.77325119701764,2.32785295573926,3.87067769569696,2.84258464796398,-0.217067980397018,5.82758225188431,0.0765723469249484,2.60720763436064,3.97159232020507,2.19996971818215,2.2073483788463,5.71061272819425,0.91760201719468,-0.307892459060813,4.07917154341587,3.38836889820063,-0.233594715758529,1.0454840463943,-2.13734217702785,4.23827232704862,2.17670607100933,2.5200349767594,3.63744094025118,8.3077687334408,3.54997436379085,-0.194448864589863,3.71197747296283,1.73982755943117,5.19204420348289,3.06447546974986,3.97040460858529,0.139013841888866,1.01362539278319,1.8606708906224,6.72438401410429,2.20204857091189,1.22711610115046,7.67451458463878,0.637548503982233,0.606739994552254,2.78628899894253,3.16127184424876,4.11463364891393,2.84331208844073,3.60260841912466,3.47025734320638,3.09749441232628,3.53660054507553,3.86917638547397,4.97774621506424,1.41213947846355,3.37328493147286,1.71581881431931,0.377727090049473,2.44416169139583,5.30244980288549,3.5863909408692,0.824863459994772,2.32503087120267,3.66111643704231,1.25861025790057,2.80153760382024,2.10513856649836,2.38778591588843,0.92432556087273,2.83611316454754,6.82001276558044,0.4231657153169,4.96833382683811,2.82766746151246,7.14612337018712,11.4769718567334,4.21448545645375,6.23066050400481,12.102390182334,2.10415815786585,7.42284303301579,9.4158275534756,9.30565513779866
4.88115710253734,6.74356315298729,7.33581352759835,10.6890183100433,8.53432232425586,10.7774249056903,9.9714522807422,12.0031649569324,11.319249855998,6.86887373817704,8.28225925607788,8.82856611949121,10.3715437254611,9.97781561779965,10.6478147275912,5.71253987480749,10.3078130171983,13.717507389075,4.29573629244304,8.33294198524248,8.28156998764641,7.29845574506956,6.41276955726459,8.27779630204378,4.19636401330196,10.1528923030184,5.97603143867172,5.39897675331216,7.13085993535948,3.1498215856282,3.60776543347301,6.86174909617175,6.6478002095547,3.88886589797182,3.97995870398702,7.88659982239208,2.49168994239889,7.67694240038687,7.03461912799222,8.66510409405432,7.34248768666428,7.76803055896847,7.54818053714085,5.94534003667864,7.78817243603552,6.18312341589072,2.77439675654788,8.58952581713054,3.9271049098334,6.60461877361233,9.49944122693793,11.3409804312342,3.93291994477708,9.80469214827321,11.1509624421888,4.68699970215264,4.495465762125,4.39922028731494,5.45801010393414,8.02171006111542,6.48936504777068,5.4938415481732,6.67164479253978,5.3222525105549,6.64921923757104,11.2822852551779,11.5336039000389,3.53819521425568,5.89194326635772,5.9743650860936,10.3919062119328,6.517240231242,7.14592381145712,1.58538344256413,8.10029315825834,2.31592342480034,5.37426888804102,2.54157116779939,11.5886059412983,12.6357495770898,16.1929934135053,4.78449838200215,7.20273818344958,11.0388451864604,10.1505983627974,1.25976063680528,1.59800189738637,12.5009690532972,12.7713728958205,7.22959941647299,6.27873685556369,2.08137694613549,4.35361928156444,11.9101007629731,9.99346041767324,2.90574263086698,8.29958735618123,12.267013453468,7.46980710379884,3.35817570488048,10.1307720471934,3.54978146376585,9.59162836479487,6.37542745308009,9.70383954262893,1.02326624072731,1.70421612387085,4.84845897648912,9.34899420639859,-0.529606892401808,3.82899574683379,0.828586085540362,0.801314425583511,6.87831044809774,0.0135863281441891,9.41480953332085,3.31622594741029,15.0497767360101,10.9824299922197,0.936743147045449,7.05574266239162,3.21291651276136,6.76335584316026,2.39354095152747,0.936214077695258,5.18280139840794,2.78328425118934,3.45928532447825,3.24661836511512,2.49421011305249,6.08529040860732,4.95194601923638,-0.235083585973458,7.06491494743945,1.98169267067464,2.61845192385049,5.48145829529231,5.44842314919074,2.31468643352983,3.95431397821514,3.14451433832483,1.76071920621537,2.68840680560299,4.96136424335855,1.01251071961787,2.19801577881531,-0.784150636996008,3.25956904237486,2.45588718128362,1.42963745793382,3.18480812445644,7.11166472628389,2.75640068403517,1.70875306759983,3.42013711512509,2.57336216307056,3.26168019216725,2.87043319507846,6.34375342991695,0.807274978718123,2.06963245875658,4.31448575876719,6.57995931827698,2.83949412366261,1.48247720423875,7.26138208963833,0.99386931978852,0.484549824697196,4.75081426615298,2.96768651489047,3.59225222917774,3.985414114138,3.07205106717128,2.8695776010758,4.64146219911468,2.60067844372741,4.51151377885037,4.18690406804013,1.57235877568506,3.29127376230584,3.1233481079642,1.59031683310689,1.25657380175292,4.74018468980892,5.08944683357313,2.29040769285083,2.32592211778887,5.84624183977932,3.52813000642143,1.86918894330191,2.83335407941904,5.5635835847258,0.413970770757289,5.92057986589997,5.92193314419897,0.713518589135059,3.68922310360982,4.17889223872509,3.77123632729815,7.88063461374499,3.11755964163062,4.51347042186796,10.5510010202591,0.87997190665627,7.46829898587539,8.92634183461901,8.89880997914384
5.23188292796718,4.30834663755963,7.87554165304661,10.6114798756492,8.21266622010065,9.79875679405584,7.43121144104174,11.645489704166,10.9664080860967,5.84222628919531,8.16203107966787,8.94865830703728,10.0964499302183,10.7887009599563,10.7846684884268,5.96015323671365,9.8763100522685,12.8137990690156,3.29984973375418,9.61080595533319,7.89072512135183,7.4433696589717,6.03625911250826,8.77266620939617,4.87634228383894,9.51351038873493,4.40795778683316,8.70875732791741,6.97259013568425,3.46439547092106,3.44613688458015,6.5735368276512,6.68318818202554,3.2116644144706,6.5773507487318,8.47726384653939,2.05250188010274,7.55275601436894,8.17425838285082,8.20486651888025,7.31284070498923,7.52193694988652,7.55364373717998,6.04885469793156,7.23391918624374,6.03461015040985,2.59659627621597,7.86051703688132,5.62005410051212,5.99830224463102,8.71765361884732,10.464826806298,4.04490347145804,8.37055851937739,11.0029749965175,4.81107033185277,5.03533278284833,4.03241014156968,5.24456368930099,7.91918570556846,6.58575473292526,4.75650809701838,7.54173955779502,5.36973574868487,7.42712104328966,11.0653461161944,10.5986849329109,3.55321780913219,6.05435215113911,6.87357605731186,9.80210578648873,6.37872122477279,8.16236387600814,1.44036470635229,8.30912424812976,1.76990167132225,4.65056349647939,2.51203261830896,9.99228865123382,11.1988779909243,15.7097330325188,5.3156291216314,7.83054457819513,10.5113685965448,10.3257377053575,1.12432783184201,1.46804152419952,11.8051794404611,12.7706828378312,8.69261709158071,6.83336481725455,2.48166558756697,4.12123462202529,11.3127545411311,10.846308868322,3.11043028694258,8.31361750278714,11.5910552344654,7.24886866670604,4.32249288776177,10.1631252568157,4.3136185262457,8.31321498831749,5.55932405910423,9.3967520913076,0.388345759046913,2.15900345850457,6.61690574926121,9.32354967628489,-0.916630236873143,3.50337314706771,1.14492077019001,0.185940922055177,5.81988564720977,0.766876709932199,9.10893397627508,0.288727756468644,14.7638559827294,10.0289316907695,0.566970229383827,6.50377999140274,3.81217902289383,6.60500600900361,2.3714646732089,0.789532441404074,4.56181621604031,2.03980001269678,2.28942686132951,2.66417575601705,2.20737537683826,5.43336368635165,3.90891907686765,-0.248384159447136,6.82192828081242,0.719464591818761,1.98410571960623,5.38285623949085,5.11278187389015,2.92474591264462,3.2422197723286,1.98480949066995,0.803925982238323,4.06298195579899,4.02736416110221,1.13720387680803,1.41874797218391,-1.28332841372175,3.0657547604533,1.66683047942007,2.30444363261532,3.44968403341701,6.26999482030612,2.21712965089768,1.49279021001052,2.92900494639463,1.71929952839185,3.60835422864138,3.89217044142931,5.72961204621056,-0.0199858023159085,2.12521274322905,2.45774159713853,6.40104446659429,2.63486549760732,1.03246306700566,5.82753902176322,0.725629853561259,0.358845817826759,4.52211731291849,1.21589147822985,3.08443988671727,4.13268100152329,3.99321744901821,2.88553131937817,3.49981130418446,3.05454248901496,4.69442806331122,3.53604435049218,1.40146913195261,3.03828756612402,2.67722690601842,0.597003951194292,1.49763099401162,5.39489037006199,4.59424261929767,1.84710860933509,2.28011566547308,5.18280139840794,3.66072988718043,1.9165080816869,1.74817427927542,5.3571000828219,1.00724401586441,7.71710091507453,6.53521005506212,0.0127027108957186,4.10548478683724,3.80550672201091,4.22095119746741,11.5959484865006,4.1422116199719,3.81311598690827,9.85844597176123,-0.140614790364782,5.6827041277649,8.27216278104307,8.48588018590855
4.63094920948767,5.66164668738648,6.73305595925474,11.9626895953799,8.49838550951949,10.7754011870339,8.11918479419961,11.5064087382347,9.82830500366533,7.11370423937247,8.10020578625715,8.84988753501779,10.4230343113224,9.39711801301305,10.2367888468566,5.84101752947119,9.5073686635001,13.2388404838004,4.94453160767388,7.75530586853978,8.14496467265996,7.4800027530032,5.78779251368195,8.54556902909175,4.36830527747142,9.93207391855538,5.63812513084147,6.83869742111007,7.52750768875684,3.19972774806936,3.81688331703866,6.84020443678456,6.4823884520447,5.25940484915439,7.22585057819729,7.84663125274992,2.00714922773088,7.91946936617257,7.00030888789869,8.5559705952771,7.80419696363874,7.32171959203451,7.3060237806918,5.7024324236107,8.08511356776495,6.21239415446336,3.23895018368912,10.6011146139284,3.7678065459449,6.58641986893766,9.00134574668968,11.6465497795468,3.84721230361292,9.45351529927801,11.2684844931887,4.91958060689924,4.08408451211013,4.51311332104238,6.28651085948157,7.96792416750903,6.18123411270829,4.75604468904568,7.88866293388418,5.23682650140135,6.45249242152254,11.5128643735142,11.2296296349872,3.63955574609586,5.37413357343395,6.91619860522511,10.8093949108673,6.45722318943468,8.32070042145233,1.79812326417234,8.08280548513576,2.19623450847115,5.48873822818656,2.56779484377102,11.0616450305979,12.6313703617711,14.8673480331157,5.33650365716253,7.58731461532628,10.9487178766459,10.316293893124,1.61263674748193,1.45887832303497,11.8739217649641,11.8651658221681,7.34472458198125,6.82668664583786,3.38121843571937,4.42152901687975,13.0291809740281,10.7207274208559,3.03608503623645,8.71812443311634,12.2916472521836,7.49577432365759,4.67222419921915,11.1137566926062,5.28187789270914,9.93959679883175,6.14550566080309,9.93246263276316,1.68344983885093,1.54130259950118,4.75364662708836,9.12535929921237,0.062637492583157,3.47387999128414,1.47440095882291,1.05463414689231,6.37627980346963,1.01119025573905,9.89331141771991,0.648524866368877,15.4765200650369,11.9708606992821,0.675625865381767,6.65568096286376,6.81576121920977,6.88171948925756,3.9815619473384,1.26125502565157,4.89953399893101,2.24824923004235,3.16353555701057,2.52869158343802,2.09092929644148,5.1718736405218,3.49311299417611,0.58895180434945,6.27053251529107,0.83811372062291,1.20392709076683,5.18280139840794,4.92238006425908,2.58971893983327,3.42628821109944,2.46259139000618,0.68687818556704,2.86713284698609,4.30472252458705,0.766533197085036,1.079059593271,-0.549362379661639,3.16555386960246,2.19980398197594,1.78849290284205,2.624369585457,7.39813960907145,2.73480085956161,1.16193259189044,2.53530338949895,2.44506886787525,3.32877458166929,2.68216376709418,5.94718370464679,0.151628158408115,2.01250553891445,2.2173172187829,6.8495354597402,1.95326834565177,1.17473803028058,7.84057467973199,0.662532395033333,0.285423478778277,3.69142330761298,1.31002451851564,4.94083924712446,3.04311353203721,3.45570887409071,3.65631369108343,4.50450365706549,2.64436717768555,3.26755922899094,4.54496647129179,1.97153197613753,2.93794875852474,2.49546328810157,1.12916496323402,2.15149154782013,4.31013217865872,4.57847680005703,2.01626745297596,2.56725243678236,5.83152267782659,3.73792798349192,1.98116515243277,2.31530597578159,5.40870402128493,0.380351209304362,4.70121741430535,5.21375817671472,0.516661692283874,4.27647720362239,3.55283235127399,3.55743243494265,6.94472040935121,3.24842562985639,4.87104107404349,11.0518991477248,2.40075478314632,8.17081007288315,8.82739658123798,8.73386541992145
4.70037009157365,6.01794630682841,7.57199171618744,10.0089148790686,7.51360719824794,9.76632698955093,9.23429846809893,11.1708400753751,7.64571978775144,6.42038350351439,8.05515355637203,8.69921824309725,10.11040763155,10.2436532057186,10.6281993096642,5.48671683029451,10.5306767280107,13.2789591952658,4.01706723301778,9.32212283848868,7.83062362751418,7.05035506517074,6.45930234438037,9.41527604092858,4.90003205490357,10.046537630951,4.62707170527501,6.10295744825925,7.16690191033585,3.66139386644087,5.44658805885119,5.76927509567706,6.3890072124524,3.45001273940567,6.35702854054805,7.65286238942572,2.52217826165913,7.75644316598707,7.08443617082726,8.41235523984663,8.10259524521564,7.76652824374785,7.26170991070445,5.72277560563558,6.89546261006614,5.80751299869595,2.54913870132049,7.6516639583224,3.85076311904152,5.6160713505113,9.06881581514423,10.4806099655633,3.08272321950244,10.2263364506614,10.9179528754148,4.48852099782204,6.51566321515755,4.67102560000129,5.18280139840794,8.29512072795226,6.42588691471978,6.94223563883325,7.75934803330299,6.17992312487153,6.92173434966175,11.1506009613911,10.7688655204829,2.4072455741718,6.98480362106259,6.15690389227185,9.57943060420741,6.58236476070098,8.59155776772231,1.52587941673583,8.08550934060785,1.80559514307049,4.01894889179627,1.79402646922393,10.5090861279963,11.1494308949469,15.8685938784082,4.36503863402881,6.64112905954555,10.8062202591431,9.80165495701053,1.43971271518863,1.56819011308504,11.8420170250389,12.7064272455647,8.36843428128035,5.73258891578361,2.98436873182651,3.81403279814685,10.2565470617004,10.7970178991089,3.30749071797632,8.15544235479109,12.0818433151897,6.46856600692134,3.57239838189166,9.18000445858523,4.91078138395234,8.84260958113558,5.47646652573194,8.8120636551835,0.994585203707647,1.50032941753644,3.92850524502544,10.0046153475209,-0.95644604121723,3.41332438911587,1.22241393706057,0.358449736160216,6.9742723475642,0.807846151223038,9.41707201818139,-0.369453739448063,15.2330211982447,9.87806479634648,0.710103690034759,6.87032762564525,3.09698002714965,6.13191421246301,2.15701769126387,0.458943942775445,4.6937779636179,2.44333012567548,3.47517862452452,2.0051079818606,1.68938003931107,5.61600140070945,4.69883226557249,-0.542031846888314,5.61729536912157,2.06000487786823,0.940852368814032,5.46709624038136,4.60948620216621,1.94306307649679,2.90419081632641,2.5255254423234,0.404214458000665,3.39503406806201,4.38003503459121,1.30225058947017,0.860107269141638,-0.614681553139749,2.60392156813035,1.73757659246669,1.57105099122044,2.56219280336911,6.1217689559614,2.79248048394854,1.73502863377932,3.04623804501362,1.83130588035662,2.6134037614826,2.50778358534002,6.2247405754254,0.63631104026206,1.94153930822555,2.55858309411824,5.98060404227041,2.86650979363177,1.62422867115627,6.14965648727301,0.875317082972046,0.21147696141025,4.04882713417428,0.855914787288151,3.51194403750539,3.53935825939815,3.41671722830727,2.54140564784228,4.34073826205241,3.40373830761717,2.86222301787067,3.26850041973008,1.47172107176335,3.28007225805955,2.51613381698796,1.58142356155418,0.922467621568972,3.91342475246515,5.40529180166135,2.45249596412231,2.57968125458911,6.32067367965518,3.76533042511833,1.7299481696055,2.01902204282281,5.63752465867218,0.647724571173533,5.76035077490416,5.30411848279571,1.46901628877709,2.52763103424177,4.23535459506618,3.63570773656973,8.70476391971664,3.7552789324605,3.14951132995825,10.3353464063094,1.10133067344117,7.0010003582657,8.48195476298147,8.5869307512737
4.83297529102872,5.84217844472985,7.72480056541213,10.8996034171392,9.00192867749653,11.5575691709967,11.5025044065429,13.1167526650342,7.90980472266802,6.85684901318871,9.47932347871301,9.74868864283703,11.4794105915393,11.6503507848889,11.660033615158,6.63499106602432,11.9394593796394,14.1353135743865,4.72473950123133,9.12018727266705,7.06993457266457,8.27374977485766,7.88338125981002,9.67187694449555,4.80322342598418,10.3145017397327,5.48143116023899,7.58675338541498,6.0283634365582,4.99721997852935,5.26985468475199,8.07015106108753,10.6818763280858,4.61319170277333,8.29007767598652,10.2900139801113,3.05312587852238,8.958383459732,9.40576133828588,9.67896191541606,8.39163438451315,8.67020620641304,7.91397917848762,6.61184223333667,8.28633155614349,7.46234884496112,3.9332684693319,13.7001739311418,5.43720556368345,7.8177648866318,10.3415272687951,13.2043669612779,4.82086737659025,11.4406011503633,11.9716505850043,6.22120888795161,7.30866630576415,5.93478080997496,4.7402903854128,9.41409746914991,7.01199034242091,8.29578288434764,8.42453245921229,3.55759049864719,7.53345297248294,12.0581010038386,11.6973956914315,5.16397194739821,4.55424061431459,7.23755491730256,11.4932901645996,5.91866006655245,9.21323218649286,2.29482066989825,9.39683009342606,3.1270132988015,6.01620640844342,3.13286815650104,11.3137340559424,12.0497756196795,16.2412507998487,5.82437261937669,8.08351668597563,11.3674779526414,11.0192394461823,2.42709138959713,2.20030258357474,12.8801809855032,12.8167219891042,8.96499865482716,6.49802962191345,3.20214752575951,5.38758856986821,13.7709934668867,12.7851510425741,2.20934941117141,10.0802340514439,12.3195710732439,7.80962703935134,4.67366555141605,10.9632158187429,4.99447725893283,11.1378803643159,6.437325716468,9.2879014334218,2.47180221570655,2.65243304890539,3.72248031941665,9.52498436323706,-0.0435077907829988,4.12977970705977,1.85580360099948,1.9001069484352,4.74052623232608,1.3666080047252,10.1533795637739,1.2456443119129,17.9160782571361,11.1871009782469,1.66325517703965,7.74060240554646,3.9013081285087,6.64183926698797,2.84529200443284,1.66112935818947,4.7192916694662,1.59189591422267,1.90313408691207,4.15430235143895,2.06012804385945,4.79578153914174,3.34249049377304,0.946080645645542,5.10641957230548,1.35026106426664,2.6292944023221,4.57666319736077,4.05836628680089,3.52370137142317,4.54979427867263,3.45740722300752,2.38649923921083,5.49711736059394,3.59199899813271,0.957485500492533,2.50219929339029,-1.43473604086351,3.90068160213878,3.41495068737787,3.78799495203086,4.65252390611368,8.40834360693279,3.55661886400548,0.530554274409331,3.52323221709123,2.34918746130967,4.56059502905899,4.25141309192223,4.68484240681218,0.432200997626131,2.03549064057951,1.68533901803869,6.51399066669419,2.66598934341244,2.52651691415039,7.75317007614771,1.33735459737105,1.1867501711997,3.7832289661839,2.00125293909219,4.95753042330556,3.80878467018791,3.63412734539904,4.02300263912038,5.18280139840794,3.78963850024054,4.90574656448578,3.94726626468602,2.98215590807466,4.43751725587844,1.66074814835484,0.582103610686757,2.92121914293244,5.78955028800085,4.12656481481387,1.3318013670598,2.99437530395917,5.3618064241573,1.70684112525541,3.40084873824986,3.56599595324991,2.92066367837297,1.98120704185122,4.54402366209495,7.57292587076277,1.20434690344025,3.62610896458928,3.84886933546314,5.95310456165936,8.30824801859523,4.54046597643929,4.45330186069996,11.1918654316567,1.78756175645567,10.5437692555757,10.4243224223674,9.97739219817428
5.13996494583237,5.6348566794118,7.36202902710625,10.2354782010899,6.67769512747786,10.4518570386031,8.68732265176576,11.3888286904743,8.8352440800525,5.9595881480746,7.62671677286144,7.79950979041985,9.48853292158877,9.01663814057953,10.6799937636685,5.80892612305789,10.3479675696185,13.0032827107982,5.66819833798912,3.15890275506661,7.35715021766169,7.26379076863929,7.44549956681952,8.27865864748686,4.90869207955078,9.89418220060955,5.92974169763832,5.186937074389,7.87390341975397,3.24014344707593,4.24746947937952,6.1364338467001,10.0401714134618,4.4698576257995,5.59262118201588,7.04674591440462,1.0510523720581,7.4046862609397,7.6388495466981,7.82351077936864,7.71608929577533,8.02667601543195,7.03871328978762,5.66920118994586,8.24250598554856,5.34357833111476,1.95508957012771,6.18794617219662,2.86930231715408,5.85162406478465,8.84154045618389,8.03401966855805,3.23533689792367,8.70540350788751,10.5183708609074,3.6080535367872,6.26462165390484,4.8655963175503,4.81000714317564,7.36303615118846,5.78632181744911,7.45001067714482,7.85736294356931,5.68847002662096,5.75871148494075,11.9208045494089,11.8641194555374,1.61666777939117,5.6192159092832,6.6546430638364,9.32687116771506,6.58372297528363,7.86564831998597,1.04532521203067,7.85401036321133,1.34321321622842,3.61200522121391,2.17798419033363,11.0249277979762,12.6674147526222,14.2013850972583,4.29581119646035,6.76612908327747,10.2414940383228,12.396339647345,0.723238559187649,2.09111026700713,11.8354220009702,11.8590219797903,6.792865903501,4.5903380129737,2.03043040414817,3.8560298185667,11.6132738649246,9.75037110469585,4.32045596849573,7.83046745243442,12.2646811163411,7.44787232853322,7.14557441373311,12.6713798310628,9.52472904860618,8.97207043841842,6.99925035011031,9.19594254168004,0.800749588756364,1.09673899844416,2.64878904086114,9.14361668951716,-1.6878908030702,4.33289458880666,2.91593903524685,0.821734818764017,6.73000907809812,-0.0244931362653865,8.41810662825683,-0.796190665456232,14.9366447942368,11.8964817871049,0.462425164175644,6.01054597310632,2.23658495839492,6.65746742855992,3.45724501102123,0.205765360986272,6.01515889794159,2.77662867974889,3.0098703593748,1.75798844760302,1.25147295277424,6.28391805048614,6.03642636308286,0.130347477302822,7.48773292853356,0.831730434279209,0.757129330036954,5.32278863541926,4.5802573105388,2.54338073754033,3.66173431701257,4.52731069579518,0.194923302694935,1.50740732887369,5.11748517846175,1.53859665968291,0.166473890737433,-0.346583736238652,2.70955971318886,1.47005869586391,1.8774169771117,3.51422969389422,6.83448429096056,2.13405871239394,2.68930450459968,3.15120030409399,3.63692200768714,2.27194595475644,1.71377578833893,5.7752581835337,0.703007802576846,2.05720045843015,5.14771975669697,7.47968413782127,3.3040646055252,2.99820764044984,7.44607672100576,0.614250805036226,0.388902995084452,4.65010112567295,1.15702854458449,2.49976096160554,2.46726635943066,2.01238140024676,2.74512246089919,5.12457436129065,3.57557505113551,3.51283729915549,3.47579314916338,1.35092270640562,1.37137091960235,1.95249066672284,1.39126039248152,0.813308832175351,4.06664979291044,5.06367088576591,2.23601973559335,3.46742641072625,5.03214005458842,3.60700947343409,0.874561252656377,1.33083468387111,4.92705772813139,0.352585553150166,5.18280139840794,5.60482100453484,0.110049404646768,3.18518922305398,4.37910655763409,3.78268769737291,6.44493108452465,2.24694199505329,6.58435214831533,11.0459545356696,0.0217319801761039,10.7193269736896,6.97051657439563,8.12167426411073
5.06449670671054,5.08177797304767,6.83484143789804,12.6114914621971,8.17856623163799,10.5339665429642,6.16808245847128,11.3476304108941,8.44885739888543,6.42665329305343,7.99996264246186,8.75174064251975,10.3253602184271,10.4088832392092,10.3194973410232,5.57735059528327,10.183602968459,13.2251592772692,4.50934447224697,7.33762555857045,7.96557519631179,6.93413297663111,7.58902356823416,10.2875341976072,4.06332850580961,10.3113456880433,5.41820699013551,5.06734401041208,8.28058446105658,3.44886012926815,3.7968291006426,6.52668135681744,8.84165783757308,4.56674114566746,8.11534097237038,7.72592826404673,2.51488778921967,8.02880332974675,7.85741599055753,8.48919298284781,9.12259510534152,7.36516041250309,7.63113181568612,6.6994053028883,7.44223323871602,6.26454845490211,3.30788125828047,7.22754625049979,4.01702578869565,5.84342657075879,9.26964610390914,10.7082900726351,3.90130773998439,9.19400028187441,10.9975195918475,4.13542390746878,3.79489844939348,4.2150430546598,5.64432623113926,7.96971959688198,7.17535246557014,4.12688705528635,7.6698391277391,6.44261983356516,6.6079568820197,10.7162364458625,10.1001715982262,3.51939491586707,6.12912044530097,6.49768416252793,9.91493861033131,6.95851570862306,9.57209623463375,1.601150326701,7.88462837885716,1.94602094211719,5.19393701136022,2.21540229149239,11.9567215808174,12.8840465347035,14.7899405636114,4.77159069733038,6.68889871247348,10.6050187678971,9.69444407668366,1.16322879518758,1.32962321207395,11.3288610257042,12.1982667679513,7.30281063801915,6.60874744733135,2.34862717547439,3.91670156875372,12.2038359873054,9.8461277096399,2.91379417928239,8.15105225552618,11.5779722829265,6.69778641126416,4.59295500144398,10.76573461633,5.46717861005127,9.43899383121669,3.65559612994134,8.5882876778147,1.10284711940501,0.928969795147937,4.24048952326052,10.1310916031373,-0.87106013742859,3.83353286287531,0.991060571734376,1.53236825403178,7.09201858217238,1.20665780838026,9.05282950368418,0.55705619464123,14.5128710597736,11.6137006479773,0.96086429514166,6.6163487039778,3.22975181173673,6.17428129669472,1.46229849268952,0.993370750385804,5.76910520546428,2.99771450771511,4.06124653817136,2.51882566215483,1.6672569495503,6.30355766239461,5.37026898699656,0.516021941734229,4.42831255741874,0.216411947577843,1.32862936447964,5.91713983078518,5.02831413155749,1.84226681631227,3.51671788107627,3.40279032378404,1.4589443540062,2.62856278959782,4.45271945430854,1.67336407858503,1.61975574632224,0.348140596129023,3.21927598858869,2.07537998941661,1.61040223134131,2.66887617646435,6.86965422328105,1.73729992122652,2.5666278389742,2.84600564836323,3.42275788653805,3.20276864741818,2.40399131485531,6.54214996801324,0.642764790431708,2.72236236547061,3.47033195012697,5.97048578413009,3.38265089791951,4.42304695778101,5.75968558425513,0.82848292521261,0.366391746674308,4.92093728844389,1.08755666542915,2.29781692596095,4.17773199554645,3.29961734509155,2.76094110800074,5.33223793600311,4.68658536237635,3.60099873403244,4.14637882196957,0.977834471560614,3.73819819771475,3.39877727861524,1.29995982362749,1.07084315744545,3.67988341702544,5.79247767024264,2.35979403910626,2.6640338896554,6.46040941078924,4.46651225803243,1.29556910605143,2.17341158905966,6.18269074863426,0.81838771225114,6.09947642623915,5.18280139840794,0.330629211562403,3.81988025350024,4.51723102446559,4.52534062248059,10.1184082182647,3.1963749986509,5.39294718652963,9.92949937500775,1.57839996189132,6.90006069835551,9.61999944166347,8.12036001955692
5.90453999823944,5.51202289775812,7.53793778605896,9.06987236995686,7.46305268364051,10.0091353740743,7.01801802743485,10.8992942454826,10.0735506810972,6.11236290679142,7.99550064883125,8.61312947496827,9.79712216588181,9.91318028558129,10.3405007083202,6.13016997023094,10.5820268493616,12.4142790462588,4.14990145979462,5.6529925716401,7.62756397584397,7.84020528303623,6.17563669119743,9.21649687671455,6.32446933004582,9.85373147650704,6.24065629257006,6.11168043678015,5.7536893997039,4.1667383720613,7.69146680032019,6.24599152939402,7.25441742228254,3.56819328821159,7.02674363798565,6.97142817332076,2.74600167943629,7.52816054525042,7.56622656565557,7.64419405972336,7.72410302183666,7.88898684228867,7.06158952526965,6.06039172425967,8.24812367366992,5.46804921235407,2.11340090434971,6.41664226930256,3.6742261470206,5.03422262263385,8.34473863645321,9.56105405988831,3.78423512889539,8.43188876399048,10.6809738146767,4.07901299094347,6.66527437944767,5.98211698935126,3.24356102753299,7.90213140111273,5.25255036319413,7.92027492509257,8.04067806426756,5.39186165264355,7.09863437619055,11.5930796684813,10.8359407284786,3.19469009519649,5.38391973736845,5.96580058992014,10.1716363008628,5.79637903811624,7.07073127572337,1.00265808920893,7.4637027937396,1.4513452416371,3.30832365856387,1.56414955521968,10.4837711764171,12.6919492956694,13.913857301587,4.5343773502275,7.90165233273267,10.4746233783222,11.64114411328,0.622915603305072,1.88835742686123,11.4875454025642,12.076847223098,6.2418494257486,5.1435771076213,2.48948688761799,3.75131424328627,8.6783844655018,9.43986627679944,2.29432744428245,7.41410043600962,12.4475822410677,6.73306258844224,7.03585887495286,10.6515954415372,5.28773045873471,9.2421807655936,6.52054091247605,9.49712770495151,0.3300210570675,1.9898955752109,2.46122164203377,9.37513946887107,-1.64966256589421,4.21527858553327,1.49073394974679,-0.0881526782664835,5.91799354265426,0.49553220289607,8.00885634405063,0.609387010657262,13.4254534060443,10.0571791749281,0.443946194514334,5.64542422704661,3.71678963348559,6.45094974007434,4.1765993753062,0.913059306668738,4.89010277268669,2.35629632777089,2.26508243793739,2.25675115389722,2.30630436086991,6.03949515273145,4.31559731816797,-0.476375522075953,8.51905439960374,-0.318527695788583,1.32881398954433,5.18280139840794,3.6918919829764,2.21846540778727,3.93630155185457,3.3662288277968,-0.797917712939159,2.41390665539079,4.75576549199761,0.832154061812535,0.569463122210824,-1.48704728521566,2.62729773441845,1.64206125061433,1.42106655887965,2.71573450196721,6.46407894582043,3.66976899456258,1.10156903524847,4.71207312730387,2.43385164420205,3.16462112785025,2.02057791391931,5.40417493661558,0.108320238581113,1.62556212648264,3.54453994349391,7.60445529418842,2.08857068278973,1.38116808123901,7.06630299611147,0.387313474663761,0.0453068278280756,3.52129059875965,1.00206820199271,3.97516183209448,2.76163293247855,3.92416986736311,3.05454064622933,4.05328634037823,2.81007482295661,3.4182821976153,3.17561256926541,3.73226756412088,2.13792983272255,2.16333667931026,0.713655701145012,0.941492479681765,4.83256239534231,4.36391345865685,1.84458047459604,2.24016702604839,4.44844310426272,3.23856153322894,1.19481526975902,1.49696059446619,4.20193615863753,0.571054661539247,4.86089616475032,5.91347931116688,0.455499046358085,3.7284277425092,3.48749004223429,3.10234334166669,12.0665748534013,5.28914102189886,4.99253102500876,9.74079227263674,-0.399589693934745,9.43251092522419,7.62483606602918,8.67291122212217
4.227944665884,5.18280139840794,7.27958675388739,10.2370584241282,8.26195503230412,9.67598320770308,9.87567963468497,9.76242011780031,9.90568287511637,6.57651997421167,7.95037455178679,8.77411345491831,9.90661122610804,9.86094096769595,10.9497229475689,6.31263999466168,11.1452538434073,13.6561599225261,4.45674917667814,7.08934906843603,7.84888925670229,7.16558517522534,7.98470811746352,7.55386794014493,3.57042437624491,9.768874471565,5.07544522518816,6.99011156722721,6.98592873478095,3.35626558437446,5.66717952445719,6.31344627925044,7.62331538904558,3.4758944069731,7.89756873448939,7.51941596634643,1.76964176202826,7.33330928810166,8.19806183145564,8.27389268863186,7.84710434073697,7.08330314446175,7.78119852743322,5.7546711551668,6.92463100879417,5.88215748790615,1.93700686545185,8.43972077678579,4.44456676835962,4.21189210485648,9.23253490892088,11.5495569798346,3.90160929459998,8.51384847754761,10.5900778213225,4.96475733063263,6.72792248153396,3.58721899281005,4.98295608838291,8.01995127508095,6.49665201022434,7.62783258559232,9.54218310398362,5.10931040879422,7.26131108171142,10.3066865146972,9.10524868043384,6.01694913204041,5.89338792418579,6.59730404912951,11.4400215362297,4.96917490492688,8.08821627161769,1.66350382206547,7.71784905726013,1.76124415025123,5.5720228686513,2.76309548770083,10.1500970323683,11.7973037678066,13.5207155996152,6.04663810857175,7.35348585976419,10.5054576988831,12.8084308439456,1.55689894169377,1.38288986996986,10.8269338651412,12.7753939600656,8.01258941328278,6.73560561091458,2.48343649956925,3.51409933182676,10.8582128163014,10.8871348456841,2.80067509388247,9.96556777565871,10.47104575903,7.2686342289838,3.71179476642463,9.15279224213255,5.53002212792101,7.87298027222697,7.39037932179403,10.5911648716386,1.55681570649791,2.30939049262476,3.76724999831444,9.58703579465067,-0.922639777625186,3.77920625676291,1.19027818074681,1.16727243168741,6.31639324746553,0.616362004848559,8.97794721251832,0.472460378487089,14.2880810951752,10.8205337042527,0.797729173761256,7.04513118292201,3.07402963177507,6.38906040730515,2.05214773792874,0.788938862813504,5.20626438319831,1.93124815947377,1.5807458262443,3.17467946372601,2.30288687987518,5.87625907386608,3.44088105798054,-0.0124279433126935,6.8236567969366,-0.357940536641335,1.94512188359192,6.14257938672153,5.34678045057697,3.39806334266596,3.81591069432151,2.74675135642012,0.341035675382265,3.68206216943696,4.48386264565195,0.333733574656702,0.83460314155273,-0.555612357117319,3.29411606925787,1.65999148776982,2.46575139012961,4.17744901160578,7.51339089040831,2.71683325073833,1.70461098258865,3.43630691479781,1.63686806901226,4.39138316128315,2.86498441981956,6.07518696157572,0.445629979648188,2.32617964156685,4.26207171218971,6.50880702678431,3.39740612120884,2.09716787910223,7.63627863530634,0.538727528311844,0.390220923733495,4.1574814683783,1.23530551673323,3.44699505336681,3.65587866196494,3.41805096509126,3.19955544079489,3.58413649580118,3.62124353989623,4.08200475783713,3.56142636158534,2.49831774221844,2.65172873928954,2.21487364807246,0.648099227636111,0.871296996953414,4.35531083003248,4.33506892740934,2.19703171850994,2.28712369762053,6.19458850505486,3.69514337789293,1.83831076225529,1.2088061475752,5.90850292386674,1.02373700929724,6.03138232957212,6.07429945865373,2.46930669783985,3.1526527301108,4.12526483620074,4.08175209894762,3.5525743531722,4.21054748929679,3.77753678374142,10.8411161766801,1.18834977343212,10.4717060478929,9.70895479610618,8.6890491383414
6.41406019278356,6.69385192817035,10.0855125053767,9.45028023856464,7.60900179484994,10.068471150243,9.42694316838403,9.76603889055335,10.9284491532007,6.97122760823188,7.94541931959635,8.60895407526376,9.79876755960412,10.5988147028325,11.9267432044339,6.37906284007652,10.764583167893,12.8055643522459,3.56573786943472,8.15208225679768,7.60760300831881,7.60756882600913,7.55610591301436,8.80584488996175,5.27776184081151,10.2289458899907,5.72195121094592,8.05381389957393,6.09999744932871,3.89721392576184,2.99099376656078,6.46280967379786,8.83571160840884,3.82460277668885,7.49182467574703,7.92018558685088,2.73932061554685,8.25952487750959,8.95605902193909,8.25700811799101,7.96448287339967,7.77960626442567,7.73615465580719,4.82743982307718,8.06471892140158,5.67075764284089,2.58273469423307,9.43044971158073,6.4201414463146,4.63077843984373,8.83987786457999,10.7235106810418,4.47193843564642,9.39889545166321,10.9439800226972,5.45929469389937,4.92102475674244,4.98245015716117,6.27172023302801,7.41024184625314,5.90348247867556,2.6500603270907,6.73939153781384,5.00464929483242,10.4596362796781,11.5681449838835,8.58316819087853,5.14892043391922,5.93421298529852,7.00894138999787,9.92432996485645,6.17659046829509,8.35253711424654,1.38552710380988,8.32633082753884,1.86089658353613,4.31325960957672,4.17371848125481,11.5897710942751,11.0273584317093,13.7657001881934,6.59162022620147,7.98993302930357,10.6078957237347,12.0991860451104,0.942671136828231,1.00499169824161,12.4781349386218,13.8950294907995,7.32919567147405,6.62855584163301,2.84176035534345,4.65653659845563,9.7791924884213,10.4384352797385,2.8943185570427,7.71441502653887,11.3433062470668,7.51981316661515,6.50857435391734,6.83847405965302,4.63681225213593,8.86982392454755,5.27817561224041,8.36266314658437,1.45831648613867,3.02960822189773,4.63838834427533,9.84635511423873,-0.129495858449525,3.39931296269738,1.68306223510691,0.869329057844196,6.46926479711251,0.233796807934752,9.28430330813412,0.462397682730913,14.9066020483999,12.3561869561007,0.59675995558791,6.44128398786106,2.5887129968172,7.12980444360838,2.88960962617297,0.27678657838082,4.67748110383909,1.56976629110459,2.77610958710341,2.78554021766274,1.46563198187699,5.43299438235028,1.77050262411068,-0.835757025195129,5.03443346161881,0.879554915604518,1.82481088075639,5.45382626963542,4.49804442981055,3.48283001462167,4.23046198962361,1.66165910786293,0.439248810534243,2.52049256459854,4.58639877982138,1.34170594380054,0.633531233600991,-1.26853837298071,3.6315073236713,1.88304702029594,1.03706721424054,3.42381497597771,6.96285924629647,4.0794754088787,1.19374982463945,4.34036923816988,1.31621059252284,4.92748775699643,2.46103142592321,5.79214379879759,0.469209284018018,1.76297327844506,3.34691155135433,8.51827234724771,2.3464954424248,0.714325804568244,7.40773005439101,0.630982329823217,0.409908110701718,4.29860466664818,1.32048153718358,5.18280139840794,3.82728045712086,4.02095520336633,3.47716195209657,4.82516925788656,2.39373647739402,5.23550727240764,2.97008135951402,1.19692593851644,2.38542073573003,2.07949808467489,1.10498947846274,1.20246371541515,4.59993532001675,4.64278951711732,1.83393313121046,2.77586396591875,4.85382423359541,2.33334279371824,2.56200653547434,1.75080666407085,4.7603543670275,1.82943066340866,5.37203341626598,6.23951862743985,2.0468494830822,2.27339214036881,3.88235633730881,5.09295618033806,9.92104843562413,8.4934425017523,3.82915346088839,10.7075366915922,0.445442223630103,8.52413735480632,9.20718842367779,10.4872293810474
6.16948654449171,5.85992899115784,9.76870001200762,9.6493818037869,8.05947633305736,9.9589871557866,9.28381916196254,10.2740379030559,11.1328665719131,6.78627429738742,8.12259928303464,8.74973104052896,9.98904844817259,10.5455488034207,11.9403292776218,6.46234569460661,10.960212627264,12.9565286987851,3.06619366292171,8.57455625767067,7.50884836622947,7.73074903235038,7.82301290462995,9.05803218678501,4.94160287120557,10.4069447192933,5.70707941334367,9.0142606747119,5.73439341976308,4.24836425896218,3.21929395995159,5.94928114846404,8.88924347354909,3.67778643889785,7.39642827173288,7.75783850325066,1.76988819058188,8.25465435666704,9.2407804961403,8.30416046129214,7.99094300220744,7.42901527463567,7.34796504584234,4.95599693095766,7.84563411085488,5.68301967626089,2.52811280064328,9.50934762157255,6.6519031814556,4.69274126636275,9.03019439188436,11.2176498279782,4.56147302852428,9.20747205579996,11.0690958585706,5.40749985750353,5.51649540979185,4.95757848230285,6.3940065235948,7.55250618469852,6.05881001766828,4.38368474858042,6.83163688335427,4.53322580009125,10.5775324920543,12.0002515702327,8.98287595203316,5.25070896470058,5.52243568986024,7.16776131950777,10.3448982029348,5.63522778153258,9.05720432758981,1.50618524413,8.2625728536501,1.74964147607835,4.74391954803184,4.39888618888225,11.7135222700421,11.0649841240923,14.4252954264992,6.85115483604362,7.49138418148572,10.5397776278231,12.0814743956359,1.13864320232181,1.01564266166131,12.4859020784459,13.9546861505244,7.34174682866901,7.25479311927856,2.99888445376095,4.77734124376113,10.2414109339319,10.7415203300915,2.55019381348721,8.22751884558306,11.707313235218,7.7199041890093,6.24928802490832,7.34420234907079,5.55948929018849,9.82865386589355,5.36430815081584,8.51182648195153,1.05163432958386,3.17840585711586,4.68164883146487,10.0964157798814,0.00310422208274286,3.575433634287,1.73204859404663,0.816423318813227,6.42801998007483,0.638617250174449,9.53572988679251,1.25457856687594,15.785005726558,12.4759105910318,0.66021703419654,6.72210303040032,2.72505878487477,7.09250528027649,2.71318272642068,0.472471295113401,4.90635445546961,1.21168543688833,1.65306558924252,3.15841813895703,1.60978418956825,5.18280139840794,2.20572377279392,-0.0737655141643132,4.83179273588418,1.00217046911133,2.00326672208981,5.16592960237655,4.2872530663733,3.40655604942446,4.14082358058035,2.1292891902741,0.435115373877154,2.8131564746696,4.34146125931126,0.80981835276271,0.793434942998533,-1.91588369030524,3.44375116964685,1.51681599569991,1.33613655400731,3.94131775017143,7.11752556014728,4.12616682004303,0.575687228733565,4.01007763949632,1.4405837762775,5.09700318582489,2.90070030503051,5.76244951432282,0.18833580183285,1.24201230741852,3.18494444323897,8.25648034676169,3.19256918590736,0.884021386693229,7.17635690276237,0.195280396576557,0.350280817886512,4.59214179898081,1.6095451120204,5.11719897787062,3.85923833568011,4.1768180889616,3.27396582872858,4.93027337780297,3.45158738248574,5.35841214581059,2.93136922712504,1.54102527508857,2.7515500077197,2.91302672008965,0.333134515747616,1.36542804705785,4.70092708653098,4.23590988128004,2.15891734815302,2.59444141094224,4.42312564851898,1.87273174748982,2.68496069823729,1.7512388457901,3.97890173038922,1.7697514650663,4.89627798410076,6.24691114077182,1.33823013298073,2.50756672369674,3.57520215642298,5.90356459653178,9.36018579491503,7.24990965679676,3.73156594282019,10.4932404999145,0.862652084806409,7.89369315662728,9.7382944057768,10.3548859817992
5.54253199674217,5.92175300118159,7.12439584350675,10.7336574093417,7.89755218077669,9.71191788459869,8.64621599074114,11.0236378972786,8.08126616491277,6.89642199218057,8.13558952279905,8.88889328904427,10.451446816708,11.1042816725314,10.4388582348787,6.61840787027057,10.7883734196722,13.3018276959362,4.99363353569745,7.00015791328247,8.19827726895675,7.28968381115477,7.22444789288477,8.3291514367078,4.83776014878053,9.77928364327364,6.34643258788859,7.03717722419742,6.36482568105459,4.25394505509706,3.75779919477551,6.8934027398794,6.90553027555892,4.17081102865456,9.1464249868007,8.28297321941352,1.79720342892547,8.07734690183759,8.00868111493278,8.58400220665703,8.08407159503886,8.20168202363983,7.58459912338908,6.04976732342977,8.15656308925135,6.34800957896972,2.76867955599058,9.06694203846551,4.28278593300409,5.18941741760896,9.08387662102168,10.9680541019051,4.37338787507182,9.17600591038828,11.2616595049498,4.17775919290772,3.66442271356294,4.91318236730477,5.37338316243522,8.06518964654692,6.00987958004895,6.05424705318584,7.45081112568213,5.18280139840794,6.76110380760907,10.837341868578,10.606243041016,3.57353878798737,5.60071104872834,8.42337409865908,9.87270891730341,6.50771443673498,10.0024421477746,1.70889679278624,7.90882604212815,2.27379312746575,4.98525697124035,2.58740651678415,11.4958546910843,13.1366315525267,14.3588706348019,5.53781835633838,7.93885204064907,11.1719152052486,10.130012232063,1.39099025782199,1.54169864260342,12.0185430225001,12.5027448636643,7.06307962947483,6.07747047551718,2.71011266594419,4.78555877869797,12.1332850667441,10.1953196844803,3.22477770622071,8.4955725249078,11.8229523043804,8.19203062135563,4.34196964973515,11.5859348284225,6.04168985680883,8.93666215310194,4.21114411250117,8.08858099351687,1.22739638503722,1.63191496864632,3.66489828692689,9.64072065698705,-0.768371950004677,4.26496097952114,0.757315830956047,0.594347942159905,6.40195350981189,0.489881926411468,9.53665049167128,0.378105676120832,14.8849479973315,11.9510321403265,0.752994952121359,6.85047377299135,2.7672331672126,6.5846969611207,3.0714584476056,0.626867729104155,4.92469668217685,2.5027490587925,2.97249496972732,3.37462069927355,1.66103198496673,5.81911865153204,5.20610262307741,0.00987732537123831,6.99925227544863,0.883426264527644,1.78723885843182,5.34061439292956,4.95873825702375,2.36916412138597,4.28582492854447,3.58939478115568,0.542323934012275,4.21291318527282,4.77784819068074,1.32001683964343,1.37138632496002,-1.09062215023549,3.44179312883483,1.73951763834335,2.39696168056713,3.60312168854116,7.44185518698117,2.81376721781807,1.70340516792917,4.03076528202045,2.87371383167434,3.60338352458618,2.99013094398131,5.87915933911507,0.386126518841381,2.1710705280767,3.20848542583889,7.08584491437152,3.10666678709406,1.37494972510844,7.84287210070186,1.24836682197471,0.439130199527504,4.27381755669979,2.52603707600868,4.71316210723337,4.78347222961823,3.70781665837884,3.79271783553435,4.50092667518121,3.67593064150231,5.17394342048461,3.59698797374853,1.5463688156199,2.80502123583017,2.74564603569856,1.10195814927944,1.77148470885973,4.90396433243631,5.06938628181608,2.47913078758603,2.50318097849797,5.02854082474123,3.63837446784814,2.49271948443738,2.73736680130102,5.09914511027093,1.51145997440257,5.38632287293582,7.01713611396019,0.629646684381448,3.93752965403835,3.84989830339993,3.89353346266498,9.64681841181717,3.14891501679443,6.10711231567406,9.85237050753974,0.726250677541325,9.0022052947901,9.1598309659903,9.06935057539397
5.15848730657294,5.42960330046796,8.19785233047216,10.4480453521454,8.30526959404749,10.3181772172239,8.27691321895548,11.91452652292,8.80915650611321,6.31502878472791,8.3874292330917,8.72387959651917,10.3787282604609,10.773106868934,10.6911740821584,6.177435358659,10.5403245730972,12.356298029019,3.5780481552537,6.80250303719416,8.21501193210074,7.56202628329501,7.51740804299508,9.83758773976823,4.90193005426594,9.98238536383817,4.99490429813914,5.64733151391415,7.58816249585542,3.50883802981313,3.65805400248965,6.78487753250449,6.38937956298759,3.70529536814549,6.69863637885183,7.42616725309492,2.25441173515495,8.14489269243027,8.5227320435622,8.30450121768844,8.09294951244143,7.47300815302654,6.91642974041741,5.75678583228284,7.22817200962843,7.0785980423104,2.97683679728345,9.52935933042042,3.79217204109991,6.0157079110464,9.02669016753065,10.9626938678748,4.37792257877866,8.39147180022423,11.1411307732468,4.87481781936751,4.26691579351203,4.5257525601667,4.79991370369616,7.81282020169652,7.20257524360456,4.56694631388587,5.94125548153551,6.49358297120188,7.16411681210678,11.6681316424823,10.7886903020123,2.38288135369981,7.26122843497341,6.16344048147277,9.70472976079333,6.74160523009843,9.97915286073382,1.51285363408506,8.39786321265933,2.09864600971528,4.94352554622246,2.84575884421567,10.1566152501842,11.9629426432402,15.4600989666734,4.85149557129168,7.12106722045553,10.8758189475383,10.110530675747,1.52694754155048,1.56761655981077,12.1794988900054,12.8802083582515,6.89444101180713,6.15027999987267,2.21105622841787,4.21729581075246,11.1223705941168,11.088021293194,3.30585035794748,7.91089516424913,11.9553106361946,6.94750259190046,4.40167411891495,9.58934231016288,4.39886752334106,9.21867866745224,5.40465367818115,9.48144825195597,1.20810558236615,1.87120538282591,3.63942931177858,10.0628445305149,-0.560623157633212,3.8542531578455,1.24572041983155,0.722152317189515,7.26360015143142,0.89167291009478,9.11428791852588,0.337272942649396,14.9806876028085,10.3324969623481,1.22784895886206,6.78826174227473,3.24689348126606,7.3569022515183,2.09224038109645,1.19840035943981,5.23310143078547,2.915202410848,4.17454167948101,3.20845904324679,2.10760150440238,6.35120553849257,5.18280139840794,-0.0121064418985524,7.10259457897663,2.34885335600544,2.35379959221588,5.88344378884259,5.2143339335339,3.02290690872145,3.29914760292488,2.83588656749123,1.33654904948127,3.11927366991559,5.18584912243843,1.98653441222185,1.52157144217475,-0.190307821022403,3.41834149006141,2.37392796178892,1.72840625363888,2.50839677029719,6.89122296949567,2.11499862379636,2.15939008314863,3.25274193572927,2.60392247979066,3.65723820441372,3.54967712537532,6.44027991456745,1.68691341145959,2.7180686296515,4.47164971905474,6.68883397031356,3.58182007775305,1.35670744498909,6.15437706472825,1.55187760655336,1.07634167342623,5.11758708868522,1.9597863041742,3.51578990488623,3.86553983265429,3.04920393716322,2.77721639925492,4.49911749696124,3.11125878801256,4.49900566572406,3.61892287697523,1.91076248925106,2.7820270156734,3.13672185051207,1.45980736895741,1.51433195546015,4.97827256570169,5.8700144320092,2.99805873094175,3.10573427318929,6.0940563832531,4.389876918107,1.84174282187273,2.56964507335478,5.83811036560595,0.796937762903101,6.64780258004516,6.32393222917087,0.712618208906854,2.53860469045316,4.66194145946439,4.34437488759658,12.0892342909439,3.51814448921878,3.41739256005475,9.14878795513367,0.75325429878078,8.07884691527501,8.85439782836796,8.84787567980251
4.95525945723545,5.83221206639565,8.11946074800261,10.3626716579759,6.93397486885539,9.61085066774495,9.93919926528999,11.4371697594111,8.11216096649517,6.98565850862417,8.08012312692758,8.59989257247989,10.1851566915395,8.5553149976344,10.7156421006061,5.93189221878131,10.4551722494916,13.3795584132451,4.83381098022547,5.15663451976534,8.08096318406171,7.52985269242695,7.14973541111677,8.78438677672174,5.60131549617668,9.64102392127067,5.49872347642034,5.75953568860668,7.13150891480839,2.36198723677691,7.7365283651673,6.81495373371555,6.98703946355421,4.73960304088323,4.37250423350719,9.09871908422317,3.21832088867038,7.38584685121034,8.52122101188477,8.30092772827022,8.65012232010487,7.88822825135419,7.54336787361747,5.62002024284959,7.46185228621512,5.93170272989584,2.44050548966181,7.6662653957571,3.8787923892043,5.49569736573005,9.36977938002585,10.6185483397049,3.91818840408438,8.55540006586756,11.0892344688588,4.30555813874329,6.7673945738838,4.90494358540107,5.91229584286181,8.47640732160003,6.29182202916236,6.97028221935621,7.61986692680867,5.69812374021436,7.83631404739109,11.9396386764168,10.1388720476049,2.58777191898348,6.4302851721466,5.96858493211895,10.4731636473052,7.02894545427222,7.86277149501227,1.63621100401688,8.15535909306557,1.93462805651892,4.73995415998711,2.46131968378187,10.2124346121359,12.6545600429263,15.3333575970482,4.8960480706399,7.70302915060785,10.8187641891704,13.4023227097879,1.19067398754791,3.08462742035838,11.8818872589491,12.4830561139117,6.61071558998857,5.44984621537637,2.68060041544371,3.93497730348195,11.5831899311473,10.6297117026271,3.86060667768778,8.2768900740633,12.8110139658364,6.75727851532228,6.50572688059707,10.2973099107863,5.56321816491279,8.55074533656123,7.25408196596861,9.84711185104786,1.44110636280366,2.11339359741043,4.58004869678731,9.46936646832793,-0.92470453852851,3.90426919719003,1.66373292518684,1.20551478220453,6.86444082099387,0.890220146307221,8.55814629066489,1.10447425746537,14.6950866911115,12.238626515688,1.66787902819385,6.44334260754615,1.96168032958049,6.7631397978205,2.70356942739992,0.874013296100834,5.18280139840794,2.31180186570604,2.63965658500296,2.37867105882052,1.25937124752491,5.62976979723929,3.32302135353859,-0.408819006830101,7.07984868099867,1.1787993892216,1.19549923369735,5.19956518477493,5.30731565260458,3.80345616760302,3.75252115063977,2.42875963010028,-0.0328818107243483,2.66275276327916,4.80638706102193,1.38899517933264,0.596487143029063,-0.944184647149934,3.31402631233535,2.21620958272562,1.27729393272607,3.84196497567586,7.10215108524927,2.80757190073919,1.67707956131823,3.60398052994939,2.22682651662748,3.03167244443392,2.45922966454782,5.65963106865439,-0.112551113436816,2.84006557674598,4.15323710835314,7.26797973971306,3.50082721877492,2.29245244297386,7.06520266197684,0.609930281482377,0.59402045232371,4.0774381187685,1.30301161788552,3.2741235379341,2.68927369047666,2.44492175490252,2.41063479108357,5.15344072408453,2.64661518666736,4.27193285596466,4.14019001914219,1.54301419084227,2.50568659341977,2.17560878457524,1.08603570818066,1.24400210809774,4.23465136839852,5.00413180982223,2.65200230484591,2.71580759569349,4.7281011826692,3.87893880767438,1.76400763121428,1.64527850875217,5.14832565051906,0.985105403655911,5.43917597426176,6.18813291195577,0.290733651596835,2.66841562594755,4.13117209666684,4.51883591326964,4.87523669780661,3.66162764460133,5.04847961837994,10.9403560188857,1.46214649562778,10.3982320580189,8.61656292622743,9.26377235630811
4.63484301308668,4.69623706498315,7.60311098429176,9.84023644380182,6.69941722293363,10.3550713113668,9.07984209042053,11.4531631513597,6.65967238026299,5.99692615343339,7.92852541948812,8.54147252427408,9.94402284158889,10.1336377670091,10.4927094163513,5.41638550997002,10.4835953124238,12.5767250942192,2.83092311042085,8.81160038953763,7.44848359526422,6.74611065614622,7.58103961924537,8.20307335129261,3.80451156316425,10.3570457864512,4.24085043846559,5.98117686232315,8.31171889131929,2.91932249328879,3.05770890291458,5.91316892141286,7.08188109520296,4.0845308865501,7.8680097132747,7.69140735951096,1.84549801851756,7.39180895032863,7.11940715782822,8.28648723872055,8.14435501796637,6.58754322193552,6.1373485362213,5.54296138274932,7.22508981367237,5.75958698885762,2.00763087535402,9.82626040385178,4.39964568821427,5.54946641474199,9.27223259957072,11.6986364384411,3.24899116271132,8.84204222159202,10.9326912156131,4.17505139083435,5.18280139840794,4.04848250060382,5.03314869162772,7.93954784164132,6.70700674950292,3.78742005133813,6.67318740334349,6.83447440260092,7.53619301215346,11.4095178684197,11.5208204502212,3.50002568771378,7.39456513524144,6.48119563025464,10.0286423216942,5.93231753435933,7.82989827533043,0.880384696358943,8.56963221700935,1.57432365736792,4.18927235912374,2.14946954923994,10.0985811185602,11.1971948730283,15.0406818468673,4.7916088025806,6.43988321593582,10.4940660664059,10.4664738994348,0.657472571522713,1.5958756032877,11.7973094284893,12.815866982623,7.29792460064192,6.36270615925325,1.7998653732419,3.80362485379941,11.8470731572261,10.9089640136508,3.05156422938172,8.20397995204651,11.4388470946423,6.16727210477512,5.10967780092604,8.99483481841585,4.38323201308332,8.60738612348188,5.20422446981468,8.32750004449349,0.773412510059255,0.870208443261133,3.78915138593501,10.4596356762389,-1.3776243527658,3.79875331858308,2.38004915011651,0.345790333356391,7.73285466135745,0.0621449576303729,8.88150208166707,0.434596724714588,15.3903692203442,10.9937028444868,0.100151909281109,6.90921017746765,2.94510413372551,6.71654701591888,3.64822488918234,-0.0512855877164764,5.23861109020615,3.05470742520125,4.60992545582072,1.92341601245205,2.72692415198751,6.50263067066893,4.08584033951832,-0.129002538857679,6.06191368201084,3.18786163521728,1.40210295122901,5.79910519720945,5.19631384510735,2.29021026728335,3.0571829187692,2.46622071468786,1.80400664873601,4.33444076481166,5.50072495988811,2.24092058847084,1.06172973551605,0.384698003549034,2.79434746925845,1.62942966737346,1.27338667179944,2.75862107758868,5.97618934980039,1.83954397185963,2.53687517759947,2.55471359589811,3.00894908343814,2.90230909401552,2.35010846487178,6.45133456348356,1.80747010991876,3.05653308491551,3.56919717372123,5.74616630801327,3.33383683419134,0.693242107369771,6.67986895698285,1.10917773210199,0.454082374856972,5.32056680944791,0.156588488790973,2.87618372980913,3.35218480789676,2.41776566132942,2.13553325569279,3.67258476097081,3.3081732040397,3.58894629145163,3.19283991413398,1.25961227520111,2.09883225017368,3.36546819063958,0.76675553956791,1.03065302414772,4.2613178150301,5.6543443342689,2.57227774334546,2.64246964712382,6.96573869430139,4.50682050984785,1.30692710652006,2.21168307178476,6.03371104486868,0.425496334020564,6.87749664321142,4.98780338584958,0.182346061063661,2.75205593421081,5.20642412068859,3.66166510491218,6.00014027722074,3.39326360248507,3.20517289739229,10.0825536482135,-0.28347162478131,7.14330262598023,9.14123200721737,8.4742536999885
4.61371912461281,6.20248653988639,7.33118006043457,11.2175573751286,8.61436784995524,9.72860024997046,9.89072215455296,10.3878740460348,10.6979419091699,7.06172341947893,9.16052856807916,9.22428708060423,10.8261290566432,11.1993973298278,11.3021077424117,6.760029197587,11.3318029939263,13.8882969539495,3.66697625886525,7.01606755308846,8.25434134664767,8.04604163969128,7.17136801622557,9.91256422218972,4.56362198127056,10.218615095956,5.55604382277754,7.38692068869628,6.04196619319908,5.4667136361474,4.76612731548682,6.88467307890474,8.16127759997327,4.89792981318902,8.03590513780514,8.34351312759813,2.5571371834751,8.90546764613562,8.19535409222915,8.88919803491489,8.65576263214629,8.55577135301432,7.57577771743167,6.8288660737946,7.82369104186481,7.28336073076252,3.55625596815608,8.38235514726965,4.52665745165309,5.65320522284991,9.47820317545394,10.7715849534795,4.5916046690755,9.88572811323539,11.5524287857599,5.23328108108288,5.75248173205725,5.94111891025196,4.22440696310096,8.34152345558929,6.82928375982511,5.35267406245908,8.20220147463595,4.68346159661293,7.40129456815646,11.3890837425925,8.56147453582234,4.8622732507778,5.26300224409131,6.7956767478018,10.8681828201106,6.53774989114322,10.0452683773981,2.26785962229622,8.33726939737989,2.67972739677885,6.13286469378214,2.44930133000219,11.8611199585196,11.0659316423215,12.6838537022718,6.50111593867046,8.80090364983782,11.4829910528989,10.46711019247,2.08872424845853,1.89498847049028,11.6867479399599,12.3801983878959,7.96553694315365,7.57686828548516,2.84715518435153,5.08537057359007,11.148477644197,10.2486436874898,3.32467326271234,9.39374141111218,12.622895565418,7.53017912994014,4.64327104977012,8.94074298780975,3.13763033669401,9.29152672113425,5.45534142568084,9.3920040069769,1.19739854499211,2.37499321110585,3.7204002443095,10.328330882002,-0.0809721770508747,3.86644422912926,2.57889882330187,0.891364334634892,5.69407008070909,1.03393878530459,10.0496900402579,0.608673475518374,15.1313082512848,11.4379164192643,1.57411543026692,7.61421821086154,3.42152502859518,6.01355339138934,3.15494138130695,1.32520807079504,4.57974480177568,2.33106010631199,2.93118979818186,4.20732401680895,2.89083232472307,5.04521320030543,3.30282347290394,0.123390634091626,4.9096035415342,1.07997145992488,2.16046586560818,5.17310637443004,4.35580637608199,2.96435246804908,3.50632009635839,3.05528877104903,1.02503857525984,4.93509935918784,5.5524331752712,0.113091502431337,1.3140535418929,-1.94353540565038,3.03980601011697,2.32448660907333,3.1697084276671,3.66043365336763,8.18375083921392,2.93133783378167,0.486451488373405,3.11999032501372,2.1601008826962,4.39041751477391,3.91740266672999,5.23964172586666,0.987981592585917,2.19023690405726,1.87465388637545,7.07994964973971,3.60233834519741,1.39976793186279,7.77050349943207,1.19405366896664,0.938125486675631,4.39640513529053,2.29754597155174,5.18280139840794,4.17010957045983,4.27227987209086,3.24685287457805,4.43139050075883,4.41399631017404,3.98060340692746,4.01160770273604,2.56562134273439,4.9354341995812,2.24405498113181,0.573781508507203,2.51137014965795,5.72473673258383,4.50086512233948,1.77605832120269,2.89543531867623,5.23070485716171,3.06794602060639,2.74283935614337,3.34311483788238,4.31035813058453,3.09551378847265,4.69951907206726,6.06939146391532,1.32608010723577,3.78125923099849,3.50452058029245,3.76636081419855,12.9123341575361,5.12367833498585,4.42411462758896,9.39264743976395,1.31583245380591,7.43655991000384,11.3471179129587,9.63620478968967
3.25979534495902,5.18280139840794,7.94114704263518,9.14639025721102,7.15706286966565,10.3727762196058,8.62334647143685,11.4592857090463,7.13614621171638,6.68788817358775,7.91041307684967,8.35409327960193,9.63453432459115,10.4787062799318,10.5102532812156,5.87393914361745,10.6380968643551,11.8186778931818,3.35471897847824,8.93345278593686,6.74369582766923,6.58104695026708,7.59774699106905,9.4729575298818,3.13529456995088,10.0171020932008,4.00073271546106,7.06365603603351,8.74328318436027,2.51949018992269,3.16917594568598,6.63346527822679,8.93539845394195,4.06408199727839,7.96002568577399,5.9866365856307,1.93090908829624,6.92994124225081,7.72817525692573,8.07755187933398,8.77003099224929,6.55394137079627,7.39593085180739,5.3771405798449,6.65490529303754,5.35118482485499,2.63503468702642,10.789586310371,4.31432444716173,6.31451676580988,9.01197753569372,10.2845464843889,3.36787693427321,8.78178314935464,10.3322743432667,4.40298069774189,3.20855050526809,3.74479343185608,3.0024467537251,7.57414041964441,6.7467587726496,2.34647087961974,7.9433439695628,7.13795845818554,9.4043079553309,10.4576576178224,9.17979058299571,4.57818139746466,7.09453495396412,5.91817287174123,9.82392169040922,5.29573184893272,7.583003782617,0.227765673549779,8.36287358440291,1.59964631273384,4.48394557105023,1.6055918987366,9.44391429363683,9.55518801830238,15.8565168087224,4.8506857240103,6.76045308280835,10.2361185149495,9.80582300384005,1.17218232608574,0.708621712466684,11.9818467622597,12.8290178813249,6.0456400640085,5.50746899169661,1.65408336965039,2.67987260831867,11.2582497646733,9.80029969637575,3.82652159864819,8.13135866178066,10.5425491366978,5.7626848259398,2.36345799587405,8.84593481372188,7.55539125203862,8.69915606328772,3.34022889060714,7.50873967152802,0.461407665063247,0.9672914228855,3.11467080479847,10.5196451346122,-1.28089104916346,3.14007686604298,2.29341639630681,-0.564209759953609,7.78682903499062,0.170803805552693,8.20912377143954,-0.148256394639706,15.8416312690345,10.6547757833158,0.137829819131156,7.52929368047948,2.34756990713958,6.25895728472829,1.97046594299419,0.0984011734618815,5.47963550171001,4.27767055188588,5.085619023183,3.05347418361769,1.25751811413019,6.88919425056653,1.76392439507347,-0.401562447096248,4.52677006808315,1.97884915469485,2.02728959420941,5.95825978877301,5.36090471834655,1.87637461119698,2.24791198800878,3.15215480633825,0.667662041238646,2.02849462781431,5.21408526566343,1.9536482338816,0.512103973886133,1.15208706789961,2.39784170177326,1.10339067834757,0.591243643153696,3.58099296735918,5.78741279387543,1.65127921929974,3.59804679092396,2.63257868942774,1.70870833118455,3.83048350662545,2.4795577827592,6.53413693617251,2.08479615251951,3.93484672428592,4.09917813963143,6.13709177008848,3.99109794781444,1.08917889304716,6.61076843062981,1.6003137724894,0.473324513291468,5.40085750168175,0.572878490700526,3.33915513325846,3.08885590093784,2.44545217107859,1.84379716217518,3.36386874479131,4.44846411722222,3.87863574885782,2.62368614243329,0.955555895966597,3.56422685981277,4.40538610442885,1.98208016015111,0.808297767577311,4.27487373243114,5.82705297437087,2.67552686571713,2.68445450649962,7.24732245721944,4.67634871329427,1.72726503990736,1.30633855934,6.50641152071424,1.14251565923667,7.13422954971881,5.11618026238496,-0.240758683017174,3.65764048067585,6.24037706606863,3.57501175605488,6.3677706444635,6.0559329248944,2.61053618371994,8.40429105017285,0.581310819242369,5.96399812501311,9.81064995770147,8.44858589827352
4.70295646559869,4.46775328890932,7.65363066780013,10.5391689734442,6.68265430986506,10.2312033949694,8.57432625942631,10.8380359500817,9.37522846373355,6.47799376289247,7.38061046883229,7.61299863749007,9.10212833281165,8.31780582346863,10.426973460258,5.69412247005222,9.93104302273842,12.5872225918716,5.09383484907081,5.1553949381823,6.83534600791968,7.36335796475003,7.01149136890825,8.19332185637093,4.62313625737025,9.46630322034741,5.18280139840794,5.93328927906373,8.79956986493965,2.9782346541757,4.70728002511589,6.38905901081197,7.22368106358226,3.65370665709826,4.52296339531055,7.21633961032381,1.29970549509502,6.89885304710704,7.72094028353141,7.93865952146952,8.05421148567905,6.86783236009781,7.46831408253045,4.74831530002805,6.79101668715777,5.05400358604214,1.41319298685198,6.69519634744496,2.64328574292274,5.7701024539736,8.63713919442692,9.5737606099186,3.78976338255464,7.79091830045775,9.91467820078606,3.98853283764468,5.89413955671247,4.09459959208811,5.48701638356941,7.5068221452444,6.01234662057758,5.9665284416318,6.82961335429491,5.93171003954764,6.80214494283568,11.1022244455545,10.6536696641789,1.17237305765911,6.11702840260542,6.03333298355278,8.99528202306173,7.0493323226471,8.79394719233054,1.62224663565296,8.22384110352863,1.25057891545188,3.82859802818801,2.31606598134844,9.83089659906392,12.6771993648391,14.4185828278508,4.70803082638343,6.58292432799105,10.4015049110534,12.1844780163991,1.10660751896646,2.36787516118586,11.4663919001567,12.7619207173445,6.58403394653898,5.03167958858513,1.57628484380376,3.33073113859167,11.9095960674841,10.1576715757869,3.3894140537528,7.25261861334,11.0503494946096,7.16077180475794,6.43267296394807,9.70690781209383,7.26910119487068,7.84465647574272,6.98525481932925,10.2852632505387,1.81102610442156,1.71427789505176,3.70894327329352,9.17584418464653,-1.65043117976631,2.97577530799868,0.7157579188237,0.352865744698654,7.48362736062854,-0.0334334652440169,8.22070609672377,0.0639665989709961,14.4473933971794,11.3371262454779,1.14985154601481,6.50346094892872,1.5147976823116,7.52376067095353,2.91059585640932,-0.45639101770138,5.62449402525507,3.34646635056381,3.57920595060726,1.57060315581266,1.72464338103545,6.21016700387704,4.41532399619708,-0.895655277909872,7.66664431107654,1.6821131085282,0.507120804382347,5.45796918479295,4.63193841292713,3.02788697661306,3.17215681965434,3.25024041038434,-0.220309516343969,2.96426290823994,5.00078093528609,1.99240968139403,-0.319927831652215,0.430644922967356,2.92578695043799,0.852084809710119,0.654517913528474,2.22237517515542,6.55405801181471,1.55605113204109,3.01987505920513,3.10816496791614,2.45008900106316,2.71102595318066,1.53536549670154,5.94571583291014,1.86449237169601,2.56621611188906,4.99176093472665,7.60139437789118,3.66141642810524,0.534365963983406,6.39626317831607,0.931727540574036,0.357865887078001,4.79560149538067,1.25268076725807,2.1079372308784,2.60401512774909,2.19992005634656,3.6620234889349,6.38856571816024,3.11875919037853,3.667415439883,3.16464244217767,0.327167222606841,0.722446227773581,3.00252825013154,1.38755212811192,3.0000560657351,3.92032501822245,5.22904972263038,3.32101904568666,3.29512524981092,6.11333850185472,3.26931029700999,0.955148314311113,0.885748522990657,4.24886919711895,-0.69500280945294,5.30833603248713,5.5576600386979,-0.718479152630983,3.08526576681159,5.5122408039691,5.19788963246444,7.78553555212868,5.07981527037062,5.97349181873222,10.0375046944986,1.14618887036664,9.55890437201038,7.40815531679114,8.4271635617072
5.76885620628217,6.46367796739674,9.00955017005189,10.4268331775755,7.02370924058969,10.6014641554442,9.14397618059075,11.1888297736825,11.2810926958214,6.84610471540234,7.65837532580035,7.47168535780866,8.90604876983781,9.33912622834832,10.8144879803857,5.96275041302018,10.6435173976755,11.7111177115635,4.41735587269698,6.74027329550265,6.19842171863579,6.85520995851871,6.75811254724397,8.99447188013542,3.66169639702235,9.85407406272751,4.67936547306222,6.57412131662931,8.86077574926723,2.64910585395485,4.25232925181201,6.85123846671275,7.01091118686021,4.32341057853848,5.20895426981484,8.29931320643209,2.58702532625547,7.25855265659541,7.97661876528302,8.03356926123775,9.38607161003379,6.13894595840636,7.75308770536436,4.91702556497843,7.48437661423026,5.10213617530726,2.13880299428739,11.8159848668655,4.94912450370185,6.659824170153,8.84280419243781,8.99825777841876,3.11650642518224,9.34549578204763,10.266903634072,4.58087240372919,5.09071098996841,4.92068901283991,4.58220543799168,6.84819388955166,6.47889238779812,3.2160449623435,6.5802927338095,8.20965768851691,8.10254721840647,10.0609054099353,9.64710002853374,0.522963117642182,7.10196322624615,6.45024763489912,7.84946821328479,6.23416576399193,7.96840619033649,0.864067055453761,7.60281226000331,1.17197814719129,2.94545284122581,1.44910830865132,8.84811640207141,11.2785117451415,15.4993518581503,7.47138189728908,6.30026460859576,10.1435585777831,10.5229944541315,0.682056164262177,0.926351297111889,11.7792511929719,12.7511272649041,6.56327879683034,5.38608484220204,2.3758760847312,2.62701546811318,10.3093946270804,9.11015709021058,3.05007039797524,5.89160586194373,11.7542988582862,6.37577544996135,4.25129458000222,8.81728245853753,4.53512793260444,8.04381691070939,4.52644233229552,7.75570300450024,0.395585589855082,1.14605951571438,2.04078348029593,9.29496597174538,-1.73712282620678,3.13474139507576,1.73645708324191,0.368195804386777,7.15288868676099,0.858447048434452,7.22601860993153,-0.267159920418044,14.3957910009588,11.4061781347573,-0.0864711063046983,6.62508696928211,1.95200411335249,7.28698136667741,3.51653666619663,-0.495883016608459,6.21884869048025,4.02455817279463,5.77202188203923,1.70410778409593,3.10343732119287,6.95929872489013,5.18280139840794,-0.531136711622632,7.54054305283287,2.73584989144788,0.34381158090491,5.69123892658098,5.1428479715064,2.46478480787895,2.60188981838203,2.53999308876113,2.14872989690025,1.6054889846877,4.21251392754472,2.00150096657413,0.421506268719175,1.26097953286611,2.94818678236325,1.37836796943346,0.674715571075778,1.44757880466962,6.53392237648827,1.92880471341641,4.21106641854657,3.28769856537985,3.14772298956169,2.72474338756078,2.4914139430438,6.26646460330582,2.13051094924926,4.14370819484207,5.49582246862038,7.95276667919091,4.2865758261431,1.48362237308439,5.40612388099362,1.20060373895013,0.299410296920858,5.40754734834821,0.321093703103505,3.81352284895902,2.93445639378933,1.96926384409069,2.34985318750602,2.82734096193902,4.73356323113804,3.45783834398321,2.77240028407191,0.38489580703565,1.49085701731589,4.28870964761149,2.07560316807792,0.0881959613816197,3.17037777765159,5.67428416101592,3.15462087387841,4.29153895023785,7.38603201306021,4.42684948700999,0.57977237827974,0.577300583049224,6.11266027867823,0.641383476531615,7.47417438921616,4.42748738400332,-0.359034792483455,2.51238013065587,5.75572925206451,3.36894828409122,12.956953466839,4.85319774443258,4.88182806537419,10.199044320086,0.510811567655728,10.4819674071202,8.12225360587881,9.43047859360328
3.72407749039043,5.14160388071349,7.07731656850569,10.6400680141829,8.1198748628209,11.0202758230328,7.91634629586152,11.7051836866732,10.8705009567997,6.51630126810637,8.00789677915599,8.20680971348078,9.78114344582606,10.7343647569442,10.8508852911971,5.24034469690426,10.8781069508482,12.6074809637448,3.74751289334559,9.10042860244556,6.9980364366705,6.89646499601619,5.18280139840794,8.89599576107021,3.91175972994803,10.3969110896935,4.08443202692761,4.94417146340977,9.42006952571012,2.5783775451194,3.63079633737055,7.58267911493176,7.81136685957305,4.2622013487792,5.83102731496329,8.39256386588222,3.2557450758857,7.51137664756153,8.01681735296338,8.43358175901059,9.46080783755805,7.09799799802173,7.89590937470498,5.54435013028663,6.82073421399808,5.89371886779323,3.11057348694332,9.69113593086479,3.70082849419398,7.94017778705341,9.3060270789836,10.8804230426896,3.45896699994358,9.5244645490294,10.5716589028019,4.87868898640241,4.96488661985859,3.70668557099399,4.10333536427731,7.48038131209487,7.1244599231405,5.28406523456894,6.93691295986868,8.26938731508326,6.76492597146041,9.97480428280556,9.81480386696989,3.86471743046395,8.74827284424148,6.4309393695166,9.99959920225511,6.94008169131518,8.30338810672627,1.14678007675931,8.68955568828817,1.52603854102026,4.39385268652196,1.55752680512445,10.3519291274894,10.4052869856891,15.4851076599641,6.76328847506126,5.49246870295714,9.92556429083269,8.87942185814067,1.60237922368431,0.856667592690407,11.4133646414673,13.0651281755259,7.67630972191039,7.03159816188485,2.45852522142759,3.37139983317501,13.3262039990726,9.53002122447952,3.53068114992031,8.34840270484682,10.9168562631229,6.51641786299384,2.54651317245123,8.35299769763695,2.75811965703414,9.60155963920972,3.56424515980427,8.6016358508564,-0.431837242608066,0.749085688811892,2.44805682107322,10.4670426526603,-1.20198866257328,3.44834597289232,1.24507691864062,0.376418509698571,8.04148214763693,0.553706490943382,8.77403148288435,0.257806395026035,15.0894309145348,9.92651912740816,0.544903188643858,7.70414563424247,2.63245484694681,6.61290698648589,2.05826113524205,-0.171441722237937,6.30803614758036,4.49083030808834,5.85797469637811,2.06850205806092,2.40862778438112,6.9242374013265,2.97249901156035,-1.15493465180634,4.28016240301416,2.01743697872056,0.789533129291479,6.55620214618797,5.76403731268072,2.230981873253,2.82671312380626,2.64363231524267,3.09565697750103,3.33257254731328,5.14744605145773,1.84046427946625,1.1505273059295,1.58276382410745,1.90030172392084,1.68495373323875,1.68282594578836,3.52824121160764,5.69751402176945,1.44538616032737,3.70636138582173,2.71000704305387,2.35445374517438,2.93592508105634,2.30950627809016,6.56369623582338,1.77020301700404,3.83722942972188,6.25921996499919,5.24291160447536,4.50726433791613,1.53176503535152,7.16123332147401,1.69420787468676,0.413714237957929,5.86567134558884,0.650653933481138,3.56814969948804,3.56516435903777,3.17825723072196,1.69571809461516,3.65582243502374,5.12494362919115,2.82454643306439,2.51797008513244,0.459519059342526,2.9229698532302,4.36288286259491,1.75236803956963,0.880220067042337,3.90337758505192,6.2289385973148,3.73735118497825,2.64384795400814,8.10040495911577,5.26109982296469,1.19179982458832,1.649532047577,7.01157741515037,1.61790184738601,8.16282876288125,5.41001737976041,-0.528129237098585,2.93830674069713,6.64419459254845,3.05517738227855,7.33734128837092,3.8956420186936,3.01283037608188,9.73201005017633,0.903275951416695,4.59139648652542,9.57326284277776,8.35168818236263
4.68411760295599,6.02171943667474,7.7042447406536,10.1432672952661,8.51534329399222,10.7772705345152,8.83119549223077,11.406702673974,8.11986556834445,6.53110797930321,8.00531904168038,8.37228605856531,9.69800370241222,10.7840323324343,10.4351081342543,5.88429125409236,10.4858671579438,12.9957624989758,3.65663842051753,9.564284821242,7.38023641822308,7.19103557810492,6.5214468505445,9.56007242481057,4.44925194734543,9.91482813216009,4.31092120887998,5.46792996562966,8.34076887995049,3.376732649438,2.9085743888693,6.92647436389352,7.50902435348257,3.58794933984237,8.00017628019005,7.55104434323473,2.06132507009222,7.58081980298138,7.51931149874245,8.13235762309147,9.26429870322642,7.9394506502822,7.55183232829521,5.18280139840794,7.4425464965796,5.4262687538755,2.94623426817502,8.66044211475283,4.0387306516414,5.82460025828662,9.10075945093227,10.8617744977139,3.60174000536288,9.17658587185095,10.5513152030593,5.15175726751241,4.8594317595248,3.24260576419818,5.01855704955677,7.10729436165402,6.68864559377923,4.61426030369699,6.12074856154877,7.47925010098965,7.64164796787591,10.7501706485452,10.6941564428763,2.95816672539469,8.06110439073968,6.94979529978037,9.83862349111884,5.3528442303285,6.52009254914067,1.44478874745284,8.16857172379607,1.54913684970835,4.00939486330339,1.68594722510438,10.958699333812,11.3334500736355,15.6368404220722,6.71225572796035,7.19062687620409,10.1788221838672,9.32884907767667,0.798302826347665,1.22828255730476,11.3916262845256,12.7609471186342,7.7583371741892,4.27238243701108,2.57559018397665,4.03510282770742,11.2324148633755,9.90926310658104,3.35120166853568,7.86657713855751,10.9589715016811,7.02601487431969,3.13392599869629,8.60677643524696,3.15075719700327,9.86027284411211,5.8300493422156,8.36412195803954,-0.22888580877766,1.49031501432976,3.30758952827462,10.2037632743295,-1.17464512880803,3.68561206322759,1.46983051468764,0.573295778832822,7.64353297370081,1.09360348025698,8.99306719378284,0.404575993837166,14.2514494691239,9.57085947296607,0.618663854710613,7.15424481283135,3.2388623193101,6.64870316223915,2.74133278784205,0.170906945733762,5.69364944771167,3.93688599187343,4.89943524256415,2.27752168975798,2.25863460902372,6.62794190828557,4.64252502202582,-1.24412301586026,5.57162011860278,2.87171724366359,1.18550100275455,5.81347043601807,5.73213435467526,2.1797172777865,2.9965478352923,2.84139282078675,1.10570766121998,2.12504248150314,3.92682923123086,1.51299972247603,0.641261498204579,0.849582150364642,2.62906923721565,1.59668534647282,0.723246199322056,2.49973452893104,6.11173232712899,1.49481662562518,3.38338703525055,2.56708319635254,2.24364930822816,2.81549048962745,2.87579588876967,6.59287021683581,0.869909637126584,3.63244750767728,5.67421553214127,6.05481931521615,4.45754168032851,0.750115342758358,6.39146022804645,1.33985707609706,0.0844793372433263,4.89723574006759,0.55937807224029,3.89666558450978,3.48572361681017,3.47394415466162,1.8225597101801,3.69050046303659,3.44650088032108,4.19722465175171,2.73772602309917,0.951645970425942,1.9311816791683,4.54762623266815,0.703255223385181,0.348112643298164,4.18333392342767,6.50915004884518,3.28064454076431,2.54356766908168,7.52642647802594,5.0339302679599,1.24766625271222,2.17163993266539,6.86824790726535,0.706140673144861,7.80446336819833,5.56231652855831,0.715015833921002,2.57841870023561,6.16789193766092,3.36124013386793,8.98586140131065,3.75884890854203,4.21289422863837,9.88564006679761,1.15075064237265,7.19406817971601,8.66758938690697,8.31806970558866
3.26359000050555,5.64944103425231,5.50765033575311,9.45500267931555,7.5101601317389,10.6499649579364,7.86812101154674,11.542239884125,7.9745398096153,5.95995426654631,7.63621269087485,8.25798368103879,9.53489827154136,9.70671527716904,9.71758223056651,4.51382214286508,9.65654978309461,12.1957542009259,4.34710078224657,6.40089595747153,6.66470566716,6.14927122903201,6.83065585039238,8.41692164645371,2.74844545206887,10.1878317256454,4.55962899408276,5.18280139840794,8.77770563086391,2.95193929567905,4.7247269422821,7.45489878785203,6.77871300847246,4.12362487098928,7.24498778682557,7.15446742229821,1.51779833386743,6.99796378164517,6.49634456929864,7.98010358364223,9.71224194202922,7.1710239261603,7.36254867076335,5.5169293065767,7.64623308189727,5.66282269990596,1.80248206044343,8.47881419470547,2.51233501292705,7.08551856049928,8.99375373673866,10.4542928970072,2.54587956854896,8.8929761663686,10.2272845675634,3.87673460500903,3.26878271782116,3.54264987431992,3.61110381858404,7.12359711765411,6.94855979334729,5.26773594660494,6.50822832512981,8.05405557065763,5.84798355656594,9.7376928389168,10.8444709958022,3.48723279434519,8.54907014715311,6.23341622106199,9.06908717828049,5.25214456362295,5.99992057858732,0.878002549091573,8.18474264113451,1.35050589208777,4.36263127741953,1.07256582080713,10.3529543993348,11.7673350174327,14.7549987153857,6.44987698428789,6.65917162546632,10.1829276286807,8.55841070146864,1.01570889905696,0.293357435370756,11.660434946192,12.713754397714,6.33897749006518,4.02256691398834,2.23656263803201,2.85198563588779,12.0959143093018,9.25791639934358,3.28035168687854,8.12981743476708,10.6123113448658,6.56411547171478,2.20512430139502,10.717235766359,3.08577972516802,10.3320034982985,2.50743061292765,7.17842015859533,0.20774807187113,0.788411399574577,2.54456860005092,10.3115178099685,-0.688196089419288,3.57696870694136,0.405650614311402,0.265385387272422,8.24694991239391,0.261865797420068,8.0959405942248,0.331040343320815,14.6531889516217,10.2053558526327,0.398596612583795,6.73311246756987,1.70691793582879,6.55347360238188,1.36565980504969,0.0049719128718746,5.87731744646,4.16346318951213,6.15431062790907,2.00269842202653,0.781327286236008,6.94492189898079,6.32928066808234,-0.97986246011897,4.47344743171549,1.89166886558167,0.564514854257437,6.09625175577518,5.43738155107875,1.09971822561522,3.12659707537147,3.3040242338651,0.368543590817294,2.18014537040761,4.68859890803236,1.5225492249957,0.37398582028487,1.55328804662893,1.70242559958266,1.62487273847798,0.221658565533328,2.36212812809516,5.48282489180813,1.14996124747321,3.90954330898814,2.59244336634095,4.11731096392228,2.11517538742305,2.2008320623092,6.53185135684325,1.97459542386157,3.55978833637719,6.22483987084433,5.30893922814264,4.20899220478335,1.11864863675028,6.02472945622082,1.40989747837894,0.102893982573323,5.62557064011766,0.851565520519397,3.21329250753068,2.65050095076273,1.84223593394638,1.59799289558678,3.03133710970881,5.1732276486674,2.64919853633867,2.72919359207998,0.240862826088905,1.68188326774669,3.20384209444825,1.85694846125929,0.237263943766288,3.31746766312017,6.06108191367262,3.16561561027572,3.17230149100034,7.64442746591173,4.7074822594906,0.771855040588206,1.54840363381575,6.59469550405662,0.65994185880121,8.56733068848071,5.02785427918213,-0.264036521365611,2.85708797900734,6.29312153249321,2.27409033828871,6.27660072698091,4.2855203864901,2.88697007129496,9.82173555123655,0.695976058453645,5.28658352529471,9.14425823208817,7.43543335270468
3.04341401519236,5.43203297021821,6.11394868846858,9.92783595362143,7.69530309176887,10.7400733290255,7.58992075457335,11.8071727303136,8.7393579732472,5.80536374219821,7.65677387034725,8.42747765122368,9.79030154674846,9.85241574389458,10.1927474693332,5.20833192020714,9.89590554080591,12.9875205096903,3.32824224909488,7.52842186489236,6.75449294010049,6.23630571140573,5.38364883491982,7.70794193411458,2.47327674635295,9.93359615569087,4.057566011452,6.88238379759975,8.27346212292457,3.50160843742898,3.64012387950397,5.68672188681384,6.05591753682274,4.12796598662566,5.84924208212457,6.49360816744503,2.34920298093202,7.45027202858404,7.14155721850322,7.62224879817664,7.72734187186155,6.4424640532938,6.58607075356664,5.59555984323042,7.21438827422152,5.73203647226529,2.40819245247998,10.8420391584031,2.91288654972728,6.50254055347266,9.03534873163081,11.1360758336688,3.43724848525081,8.95464706192659,10.095805348854,3.74994543577591,3.19215744245404,4.09607854119704,3.28903660141645,7.51682237609896,6.55857901704254,3.51410594270968,7.40281409250271,6.13209565224725,6.10086043927758,10.2771150034081,9.97514973255173,3.46220879355099,8.69172091876625,5.97031009695348,10.5749511683763,6.74896377162241,11.0856546308375,0.991896880192929,8.54655482407073,1.4378108539127,4.16042667229128,1.40848785300638,10.7327205403934,9.49413014223406,15.3791241593986,2.80797290468048,6.13684829653273,10.101969110573,9.1956617254211,1.46571314919696,0.835830438666363,11.5557131380566,12.8664559371499,6.99435285226542,5.31804717739761,2.65490438053721,3.39097180532732,12.6309718994607,10.1607266119856,3.86037940181807,8.09650868635678,11.9915967658849,6.48374342879263,2.57468142539458,9.60560263859362,2.53309391411123,10.1097375758641,2.77557612277256,6.67068302318015,1.33286758660596,0.778159051524674,3.38580931154838,10.8778553858304,-0.974789560748912,4.16792828739243,1.07144505956694,0.216996600849265,8.67024504085034,0.311494904629189,8.55274934170756,-0.211991332826058,15.4514646817778,10.0842080911112,0.704964693751538,7.41089347135942,2.50679572833005,6.37871007985635,1.53942655581647,0.403549953527499,6.03643021441799,4.135974906497,5.3361787821697,2.09064989919396,2.60851195930638,6.98364239365373,5.74660432562807,-0.641882016853432,3.8282288695059,2.42498218566669,1.12012229407757,6.70562998511001,5.84269391021812,2.32050762719013,2.49495783799612,4.11756625123789,2.11301361543037,3.37467106499487,6.1747048474122,2.16550571520097,1.16096858412692,1.68014301363939,2.36773746360799,2.16739703918468,1.82341014001196,2.53620931818034,5.76363785045897,1.33501738555945,3.97363302719004,2.81341533188658,2.57508203554296,2.46346531507579,2.3561933085409,5.78283142622789,2.91959885963939,3.40842049761618,5.12654285877623,5.29366070252795,4.45920031708755,1.49782057447058,5.43081003486965,1.91433959761009,0.670188752440213,5.80643968851243,1.23578524202982,4.0115895401437,3.12083157211871,2.53555434721224,2.12043424092461,3.44913914765816,3.99840141053336,2.61558285344982,2.973003805065,0.45612104337632,2.91257582393201,3.64333695347323,2.44809658218661,0.433107193939159,4.14588199647575,6.83942128291083,4.00906280204624,2.04303273003248,8.25061840191073,5.18280139840794,1.36076581220903,2.32251700979631,6.68917560727045,1.89595066971735,8.09781422164059,4.54236304189608,0.368615475415717,2.90467938041829,5.99410124547295,2.16032506077423,6.33993841281063,2.58709206261445,3.28929485146146,9.14044510685254,0.831213485623542,5.03730813594635,9.74734365066024,8.44219185193677
3.89286194921399,4.45015933219668,6.50395275229534,9.11645264775079,7.41094416375323,10.9991016273148,9.19975106206419,11.5119488502421,7.36540140647677,5.84450757862184,7.83012179881019,8.17834032231786,9.94995400964751,9.99351922018816,9.86656766646295,5.05903019689297,9.41756462297091,12.1430011234694,4.09588364852428,6.84939260038103,7.05544452201975,6.42428492559379,5.74856074617888,9.07132373300932,2.75407619251901,10.2046590287712,5.18280139840794,5.0831502640833,8.37125412596339,3.23697176889748,4.12902475525042,6.4648455162529,5.42649062611801,3.66632261713679,6.9279283992427,6.4708925354215,1.94238581360728,7.42506295494983,7.4267964531899,7.85046431073108,8.09120812381712,7.19609517823186,6.9174488619396,5.59386079382847,6.80487994910075,5.87513564430333,2.52176232002019,9.32645125288712,3.09182196436791,6.67779105026619,9.18658405763156,9.52744153868831,3.52580332525448,8.64630683046347,10.0519500899779,4.07245642423509,4.36987504468835,3.59286893644348,3.32878852631271,7.90989059244207,6.81152405046802,6.6533332867791,6.81533924296793,5.51586007873464,6.789700843651,10.8268086134652,8.96851674361213,3.62529740795426,7.63657903934382,5.68561742523278,9.65349071017315,5.91504833393965,9.49104570354112,1.15763353167031,8.21831375661562,1.69731411426404,4.14247565149739,1.47544955715661,8.99328723864075,11.1441850518277,14.4656436304663,2.82520441182425,6.79141123604851,10.3270060280338,9.76785275419743,1.49879748232094,0.862245640024257,10.6819013446822,12.1851117384148,7.43586029279347,4.54229834552411,3.2206170879068,3.74871025465323,12.3598914668474,8.71244021565428,3.75216206541465,8.35320326976971,12.0155072993798,6.54765925381536,4.88001986033305,10.9801360940779,3.47894537232671,9.32403905531113,3.59397934773166,6.53487916760489,0.264374063679444,1.27838178888074,2.26188670179822,10.1537198885292,-1.13416065234989,3.45987379085959,1.82398722532492,-0.0325718045776134,8.07117859363223,0.545774970851605,8.95345413888663,0.304254420956335,15.0941439105166,10.1442670961884,-0.0431495988573923,7.11787310546688,2.67840923064388,5.89867329236201,2.81932497909934,0.768010597058062,5.92015944264993,4.04568305571619,5.73264894538112,2.33441087144306,1.78585549922337,6.94528229244407,6.47077347183717,0.394439792646694,4.74048577815044,0.328780147363413,1.27155739944268,6.52224533061609,5.71667513702,1.71925726897515,2.43679992279376,3.94036062359642,1.5971588777686,3.1985852354979,5.79143828526467,2.54679527444783,0.941309408481971,1.38792876173443,2.29430008030031,2.3532595676816,1.1128595938112,2.95738948788805,6.08844449287836,2.2995339889735,3.54538037588539,2.91543822926966,3.96038089217541,2.61865714179028,2.28999541033475,6.96757726121496,2.55337243214904,3.53932853204134,5.85541263738148,5.57009895661345,4.14861645167399,1.71286428636226,5.5344030744286,1.64120114774473,1.23187444744159,5.75157238135732,1.70187536491214,2.61833543595444,3.91424024381177,3.07230208702099,2.543173941223,3.64087685973279,3.8917685152981,2.96036747713589,2.73592287454825,1.23841352394975,1.65803118365152,3.63103254281345,2.1373520778488,1.30253018633112,3.80459665708474,6.70348465972103,3.58945292867989,2.12870271223328,7.57861155509165,4.81996240782644,1.35219186659508,2.35760870944354,6.42207149165611,2.00755547655463,7.7153567797109,5.18383794172074,0.432360333735186,3.48844527239345,5.87840028066576,2.69881946449248,6.2666787226489,2.72147596816876,6.54061652524165,9.60116555053997,0.516177474149739,5.10884069876687,8.8646552489419,8.26859737477412
3.72445088050262,4.81444376718121,6.18192854756303,9.62693765115574,6.60407276502257,11.1339403294145,7.81838207691119,11.4752216123845,7.56853464661481,5.15781718938043,7.20300025770494,7.41233500028287,9.26329032047731,10.0093528818605,10.2434373657256,4.61330817522704,9.9215757640434,12.1961438498611,3.93500355661889,7.56426050721529,5.94586229559595,6.0855769131438,7.24147390647129,7.57222294164115,2.7018747128197,9.85319198621506,3.66963028788819,6.11061421231347,9.16669380065079,1.53251436668825,4.01499594389219,5.83769705666501,6.63963151858526,2.99182178308882,7.38228911724054,7.20009134393407,2.11306427972448,6.88168403611548,6.36719562610819,7.73675463591073,7.99204291947885,6.31269840287173,7.14448711648728,5.12542904208369,5.9926120902522,5.3426693355973,1.82023054856302,8.79027470646554,2.65063657847942,7.23091062306976,9.10429860560746,10.210660806338,3.03091996722241,9.51853032162505,10.042086669521,3.68357442266351,4.15510224953009,3.47887376885762,4.42311625209188,7.54962023675717,6.98798568746739,5.18280139840794,7.28638592391178,7.05529068939749,7.42678923482728,10.6089895806072,10.9198837071659,3.7440144532777,9.13826978526708,5.90684910196971,9.8442587069528,6.67699124145278,8.321882141886,0.94255769541999,8.64367518802176,1.18820625768744,4.30545992867483,1.55788300506598,11.632056403145,10.4296646873376,15.6672772143075,3.32723726640817,6.289945119107,10.1127863537157,9.90117815673015,0.732115784777757,0.780448457186079,11.7042764783497,13.1617729439037,6.1205212673069,5.92742447677833,2.32030282169407,3.37641226414777,13.3881500951585,9.04835720155033,4.05209224841891,7.27618967182559,10.647109641824,5.76470081975347,4.71748049406136,8.90711280322235,3.71312138795981,11.5538277073733,5.11930094529126,7.68260137008322,1.06427964088014,1.26671227918113,3.3328866461272,10.885355473875,-0.795279439300969,4.19648048618154,1.9301546992533,-0.0696246949765425,9.20069896282672,0.513713466864877,9.03070737401769,-0.192219375640372,15.3984691627762,10.0638739302752,0.192074636056996,7.71918216158957,2.47008042672067,7.31679379962525,3.3177935659482,0.13465503027034,6.77534832585196,5.11257170069567,6.95777703410837,2.41929023083282,2.43870434807338,7.42006095556311,6.3052868949416,-0.212902747353819,5.13377782071797,3.18092949253526,1.61249941051729,6.53308424635687,5.59443158020633,1.90728810516781,2.91925391724767,3.44391940934051,1.986000340317,2.57860100552464,6.13670849889854,3.04756121809934,1.06157340823179,1.95486941071867,2.64943273656849,2.31837969139118,1.44915778730682,2.49014771331926,5.66781741380504,1.24072233055155,4.43215201890991,3.15566427302593,3.3870528428641,3.05855933766556,2.45030883917993,6.97090229534675,3.03953928439401,4.35240566340747,5.47311941495682,6.22017816409137,4.44259663141555,1.88286105371204,6.66117684189838,2.31251495506418,1.08484246740844,5.61432274405776,0.763833284288249,2.37062127397535,2.31790609231502,3.26397463106043,2.34147928339477,2.91682502052271,5.59373149251441,3.56134624485779,3.2815771875026,1.68916125511613,2.41770794009652,4.90644878081008,2.36442072296003,1.37784496489388,3.76859884747429,6.38796790385895,3.60449320441493,3.41511406714648,7.81004591728557,5.28450681873433,1.24571445775762,2.9722837889784,6.55112820182748,0.684397286467158,8.51818967316449,4.99071518134615,0.0687727843953014,3.19968211428223,6.27027867441218,3.09278428925521,6.57412904902107,3.82346618540244,3.13339045766569,9.52408013481203,0.552174909845887,5.60052173399399,8.42440721888659,8.00974880114925
3.98181710222933,4.29981280724249,7.36921799042904,9.37019351691265,6.77724679517946,10.8880887167016,9.40252625301034,11.7862365639316,6.39138727297029,5.49091991721405,7.83994330596146,8.35950789211588,9.98389575064822,10.3707821329264,10.7484539807085,6.06560490866263,10.1505890102534,12.9231618041166,3.34702631286389,8.14557755005967,7.43519579095797,6.91838414904517,6.56555812005622,8.78132877038471,3.76794081599651,9.78445048737684,5.03853152349284,5.33555740529266,7.66989383884763,3.35462910325302,3.50464507428914,6.10792464305974,5.8353528421805,4.08616461618389,6.95127026250434,6.94531420444947,2.12568158944844,7.56230955542854,7.9644308420051,7.51404254104771,8.15892040141767,7.20847936651656,7.24932352967297,5.18280139840794,5.80379654937889,5.27607216388069,2.83262223247291,10.0708711479991,3.63180705975949,6.68012890733845,9.1671957502711,12.5328128233978,3.2204957017142,8.36339818347117,10.4082290828582,3.90839052936838,4.85332513706155,4.63888805092325,3.81841062681687,7.70787457162695,6.7844263428577,5.95022098588168,7.37230658303073,5.56581735247987,7.40146141189472,10.8577235114706,9.32134689865039,2.74489438914003,7.6141029427651,6.31336810068459,10.9510869276713,6.05345557089619,7.19469678015908,1.55324373375812,8.51183232213631,1.71580652485258,3.77255130163307,1.62569260652066,10.9026413416119,11.1173898152334,15.0065692572123,2.55187596948854,6.15843036260279,10.6160531985446,12.4347700109414,1.6672531727829,1.64658144795397,11.7126178530129,12.8279231327275,7.3088586739153,2.89851816107886,2.6331770386665,3.44291015721521,12.9126707179427,8.82381259107835,3.85014113260325,8.24109233903269,10.7779667514093,7.44130282729456,3.73462433100774,9.11445287678012,5.17330155468098,10.6645281705952,6.34691451901788,8.14891392388664,0.856427200296386,1.77041326444467,2.97020835787369,10.2569625122093,-0.597036384853544,3.67277776451144,1.50961529897124,0.61075545702573,7.48564910000506,1.11286650602194,8.70044137739499,1.05227075441617,15.2515833405031,10.3235425034407,1.56819655649243,7.15159030962423,2.81742047384419,6.99941331312258,2.50895926708379,2.14275435018547,5.40414753482706,3.32109687613996,4.13218043771735,2.21466085678708,1.69214371439997,6.98873968231649,3.75991658179076,0.51331457110509,7.21949313998447,0.926528029873842,1.55853904913109,6.25519842304847,5.89515338503707,1.84450210514045,2.45829144597518,3.31836115998825,2.35298839215351,3.27710355167958,5.56184993224896,1.9902370508314,1.19307075839482,0.451818003747843,2.59288725770434,2.49718878235963,1.20131324508813,2.79751503579018,6.19950519594642,1.72408656667392,2.79651182944383,2.61995224247927,1.76559941205781,2.69559019362135,2.72848942161995,6.95243694957525,2.04024066259895,3.18512937642871,6.03035718053675,6.04406935127115,4.37370382176806,1.29568121756576,5.65700554540217,1.33237190030488,1.1093950305796,5.55741413983377,1.80317627579992,3.442222738049,3.85408251218384,2.27559370726957,2.09451183440049,2.7299456668767,4.2193189918045,3.38320190714709,3.20173627039396,1.67109629864278,2.47643572099155,4.36943737948538,1.34094380623107,0.886317289563653,4.61921006962034,6.32599249918364,2.15333150758586,2.53226640834124,7.36362696894119,4.54618986775484,1.16288202128879,1.96912002417755,6.0909273695152,1.51741690822334,7.13799031834944,4.97171305784596,0.965192299992123,2.79720378444797,5.82466048672459,3.9713938408325,6.87515437514427,3.59274153057688,4.33786838210611,9.95431461198851,1.19371702339954,7.18887914233291,9.71664282992062,8.51538919259677
